chr10	BTRC	103190101	103190209	103221737	103221815	+
chr10	POLL	103345618	103345913	103347002	103347163	-
chr10	POLL	103346878	103346957	103347002	103347163	-
chr10	MGEA5	103559998	103560157	103563491	103563776	-
chr10	KCNIP2	103587907	103588015	103588145	103588216	-
chr10	ACTR1A	104248819	104248895	104250305	104250370	-
chr10	NT5C2	104866345	104866463	104871501	104871562	-
chr10	USMG5	105153955	105154151	105155502	105155789	-
chr10	BBIP1	112661295	112661370	112677878	112677971	-
chr10	SHOC2	112723882	112724819	112745385	112745523	+
chr10	TCF7L2	114849155	114849299	114893835	114893949	+
chr10	TCF7L2	114849158	114849299	114893835	114893949	+
chr10	TCF7L2	114918425	114918476	114919678	114919751	+
chr10	TCF7L2	114918425	114918476	114920377	114920450	+
chr10	TCF7L2	114919678	114919751	114920377	114920450	+
chr10	TCF7L2	114920377	114920450	114921337	114921362	+
chr10	FGFR2	123274630	123274833	123279492	123279683	-
chr10	FGFR2	123276832	123276977	123278195	123278343	-
chr10	ATE1	123658355	123658484	123659380	123659509	-
chr10	ATE1	123673304	123673408	123681863	123681926	-
chr10	LOC399815	124643240	124643447	124644232	124644368	+
chr10	CTBP2	126799558	126799662	126822080	126822181	-
chr10	CCDC3	13040337	13040512	13090685	13090764	-
chr10	DCLRE1C	14987103	14987188	14991034	14991086	-
chr10	DCLRE1C	14987433	14987564	14989523	14989608	-
chr10	PTER	16479355	16479489	16509130	16509209	+
chr10	TRDMT1	17203481	17203547	17204164	17204236	-
chr10	TRDMT1	17203481	17203547	17210839	17210916	-
chr10	TRDMT1	17204164	17204236	17210839	17210916	-
chr10	CACNB2	18803164	18803298	18803439	18803459	+
chr10	CACNB2	18803164	18803298	18803908	18803970	+
chr10	CACNB2	18803439	18803459	18803908	18803970	+
chr10	MLLT10	21827761	21827841	21875222	21875277	+
chr10	MLLT10	21830191	21830290	21846549	21846753	+
chr10	MLLT10	21830191	21830290	21860903	21860955	+
chr10	MLLT10	21846549	21846753	21860903	21860955	+
chr10	ABI1	27044583	27044670	27047990	27048164	-
chr10	ABI1	27044583	27044670	27047990	27048167	-
chr10	MASTL	27462049	27462188	27469881	27469995	+
chr10	ZNF438	31146608	31146707	31164259	31164438	-
chr10	ZNF438	31199288	31199369	31212215	31212344	-
chr10	ZNF438	31212215	31212344	31230503	31230580	-
chr10	ZNF438	31230503	31230580	31273297	31273355	-
chr10	ZEB1	31644075	31644121	31661946	31662102	+
chr10	ZEB1	31644075	31644121	31676052	31676195	+
chr10	ZEB1	31749965	31750166	31784707	31784767	+
chr10	CREM	35477127	35477316	35490378	35490414	+
chr10	ZNF33A	38314275	38314339	38323205	38323328	+
chr10	ZNF33A	38314275	38314339	38323253	38323328	+
chr10	ZNF33A	38314275	38314339	38328340	38328420	+
chr10	ZNF33A	38323205	38323328	38328340	38328420	+
chr10	ZNF33A	38323253	38323328	38328340	38328420	+
chr10	RASSF4	45467220	45467296	45476339	45476375	+
chr10	AGAP4	46337100	46337135	46339773	46339842	-
chr10	AGAP4	46339773	46339842	46342134	46342203	-
chr10	PTPN20A	46564913	46565129	46584431	46584522	-
chr10	PTPN20B	46611716	46611811	46619901	46620058	-
chr10	PTPN20B	46611716	46611852	46619901	46620058	-
chr10	PTPN20B	48751806	48752022	48771314	48771405	-
chr10	PTPN20B	48798644	48798739	48806828	48806985	-
chr10	PTPN20B	48798644	48798780	48806828	48806985	-
chr10	MAPK8	49632130	49632202	49632556	49632628	+
chr10	OGDHL	50964821	50964992	50966434	50966639	-
chr10	AGAP8	51240709	51240744	51243387	51243456	-
chr10	AGAP8	51243387	51243456	51245748	51245817	-
chr10	PCDH15	55583188	55583194	55584895	55584901	-
chr10	PFKFB3	6266111	6266176	6268154	6268328	+
chr10	PFKFB3	6271071	6271143	6273225	6273277	+
chr10	HK1	71060524	71060617	71098253	71098432	+
chr10	COL13A1	71583876	71583884	71627553	71627561	+
chr10	COL13A1	71657230	71657287	71658452	71658518	+
chr10	TYSND1	71902423	71902520	71902520	71902609	-
chr10	LRRC20	72083618	72083786	72100308	72100458	-
chr10	LRRC20	72100308	72100458	72136207	72136352	-
chr10	ANAPC16	73983645	73983814	73990123	73990198	+
chr10	MCU	74621436	74621534	74628460	74628621	+
chr10	P4HA1	74803644	74803715	74804738	74804809	-
chr10	ECD	74912050	74912179	74914013	74914206	-
chr10	USP54	75279554	75279750	75280665	75280785	-
chr10	CAMK2G	75585036	75585105	75587846	75587879	-
chr10	CAMK2G	75585078	75585105	75587846	75587879	-
chr10	PLAU	75671798	75671826	75671972	75672080	+
chr10	KCNMA1	78734244	78734331	78761164	78761338	-
chr10	KCNMA1	78734244	78734331	78767942	78767951	-
chr10	KCNMA1	78761164	78761338	78767942	78767951	-
chr10	ZMIZ1-AS1	80722580	80722643	80808530	80808689	-
chr10	SFTPA1	81371074	81371104	81371337	81371397	+
chr10	SFTPA1	81371074	81371145	81371334	81371397	+
chr10	SFTPA1	81371074	81371145	81371337	81371397	+
chr10	TMEM254-AS1	81815671	81815882	81816074	81816161	-
chr10	NRG3	83648945	83649421	83926482	83926582	+
chr10	LDB3	88441192	88441560	88445434	88445457	+
chr10	FAS	90770509	90770572	90771755	90771838	+
chr10	FAS	90771755	90771838	90773099	90773124	+
chr10	IFIT1	91152863	91152960	91159646	91159760	+
chr10	IFIT1	91152863	91152960	91159651	91159760	+
chr10	IFIT1	91152863	91153098	91159646	91159760	+
chr10	IFIT1	91152863	91153098	91159651	91159760	+
chr10	IDE	94238401	94238546	94239033	94239178	-
chr10	SORBS1	97082502	97082562	97096277	97096562	-
chr10	SORBS1	97082502	97082562	97096277	97097051	-
chr10	SORBS1	97131082	97131184	97131740	97131806	-
chr10	SORBS1	97146747	97146876	97154367	97154430	-
chr10	ENTPD1	97570389	97570563	97582993	97583121	+
chr10	ZNF518A	97911172	97911323	97915082	97915155	+
chr10	BLNK	97987165	97987322	98002490	98002540	-
chr10	BLNK	97987177	97987322	98002490	98002540	-
chr10	ZFYVE27	99498233	99498431	99504485	99504672	+
chr10	ZFYVE27	99514483	99514615	99517021	99517068	+
chr1	EXTL2	101343979	101344003	101346476	101346607	-
chr1	DPH5	101467022	101467100	101479265	101479374	-
chr1	C1orf159	1026255	1026363	1026657	1026754	-
chr1	COL11A1	103491355	103491508	103491771	103491888	-
chr1	APITD1-CORT	10494713	10494747	10500403	10500470	+
chr1	PEX14	10596269	10596354	10659294	10659423	+
chr1	NTNG1	107961201	107961267	107973371	107973539	+
chr1	NTNG1	107961201	107961267	107979286	107979421	+
chr1	NTNG1	107963705	107963765	107979286	107979421	+
chr1	CYB561D1	110037141	110037245	110037764	110037802	+
chr11	PGR	100933177	100933483	100962490	100962607	-
chr1	AMPD2	110163535	110163888	110167924	110168055	+
chr11	CASP5	104874000	104874110	104877809	104878061	-
chr11	MRVI1	10655514	10655618	10673571	10673729	-
chr11	MRVI1	10673571	10673729	10711811	10711916	-
chr1	SLC16A4	110924273	110924417	110925455	110925588	-
chr11	PPP2R1B	111631542	111631775	111631842	111632015	-
chr11	SDHD	111958580	111958697	111959590	111959735	+
chr11	SDHD	111961802	111961856	111963803	111963933	+
chr11	CADM1	115069125	115069158	115080293	115080377	-
chr11	CEP164	117206320	117206396	117209281	117209384	+
chr11	FXYD6-FXYD2	117711033	117711083	117711862	117711899	-
chr11	FXYD6	117714824	117714921	117728925	117729001	-
chr11	TMPRSS4-AS1	117902535	117902684	117929831	117929983	-
chr11	CD3D	118210489	118210621	118211089	118211308	-
chr11	TMEM25	118403631	118403922	118404134	118404266	+
chr1	CHIA	111857891	111858057	111858355	111858494	+
chr11	MICAL2	12270730	12270793	12277189	12277297	+
chr11	TBRG1	124496368	124496505	124496588	124496647	+
chr11	PKNOX2	125221179	125221288	125237741	125237881	+
chr11	FOXRED1	126141331	126141552	126142372	126142577	+
chr11	KCNJ1	128720615	128720785	128736417	128736550	-
chr11	APLP2	129979323	129979400	129990600	129990713	+
chr1	ST7L	113093222	113093315	113098489	113098640	-
chr11	TOLLIP	1311456	1311639	1316874	1317024	-
chr1	ST7L	113140592	113140708	113143415	113143470	-
chr11	ACAD8	134126441	134126542	134126981	134127151	+
chr1	BCL2L15	114424394	114424619	114429158	114429280	-
chr11	BRSK2	1478184	1478279	1480421	1480466	+
chr11	BRSK2	1478184	1478279	1480421	1480469	+
chr1	ATP1A1OS	116949549	116949817	116953882	116953937	-
chr11	LDHA	18420977	18421095	18422383	18422557	+
chr11	UEVLD	18591760	18591924	18596893	18596959	-
chr11	UEVLD	18596893	18596959	18600270	18600355	-
chr11	TNNT3	1957443	1957484	1958192	1958233	+
chr1	UBE2J2	1200162	1200210	1201477	1201670	-
chr1	HMGCS2	120301740	120301905	120302486	120302612	-
chr11	NELL1	21555919	21556060	21581734	21581928	+
chr11	BDNF-AS	27686807	27686939	27696843	27697687	+
chr11	CARS	3068982	3069231	3076106	3076269	-
chr11	DCDC5	30965128	30965221	30973991	30974115	-
chr11	CD59	33752969	33753014	33755040	33755156	-
chr11	ZNF195	3381949	3382018	3382972	3383119	-
chr11	ZNF195	3381949	3382018	3383026	3383119	-
chr11	ZNF195	3381949	3382018	3383775	3383832	-
chr11	ZNF195	3382972	3383119	3383775	3383832	-
chr11	ZNF195	3383026	3383119	3383775	3383832	-
chr11	ZNF195	3394806	3394886	3398846	3399032	-
chr11	ZNF195	3394806	3394905	3398846	3399032	-
chr11	CD44	35219667	35219793	35227658	35227790	+
chr11	SLC1A2	35344107	35344226	35392487	35392643	-
chr11	PRR5L	36467849	36467990	36472758	36472885	+
chr11	PGAP2	3832479	3832654	3844842	3844970	+
chr11	PGAP2	3832479	3832654	3845112	3845365	+
chr11	PGAP2	3838582	3838765	3844138	3844223	+
chr11	ALKBH3	43913590	43913679	43918744	43918904	+
chr1	NBPF8	144221668	144221720	144826234	144826286	+
chr1	NBPF9	144606837	144607061	144614839	144614998	+
chr11	TP53I11	44960716	44960832	44962553	44962599	-
chr1	LOC100288142	145320510	145320619	145329965	145330074	+
chr11	PHF21A	45967390	45967554	45967626	45967649	-
chr11	MDK	46403606	46403683	46403843	46404011	+
chr11	AMBRA1	46529740	46529920	46534276	46534363	-
chr11	ATG13	46639874	46639925	46651594	46651650	+
chr11	C11orf49	47008758	47008861	47073938	47074069	+
chr11	DDB2	47238408	47238600	47254364	47254510	+
chr1	NBPF8	148010883	148011056	148015624	148015797	+
chr1	NBPF9	148253552	148253725	148258316	148258489	+
chr1	NBPF14	148258316	148258489	148263080	148263253	-
chr1	NBPF14	148259143	148259195	148263903	148263955	-
chr1	LINC00869	149670208	149670452	149671771	149671860	+
chr1	ANP32E	150201404	150201570	150202905	150203028	-
chr1	APH1A	150240115	150240189	150240356	150240391	-
chr1	HORMAD1	150684020	150684047	150684308	150684329	-
chr1	CELF3	151679144	151679210	151679620	151679770	-
chr1	TPM3	154143888	154143964	154144504	154144580	-
chr1	ADAM15	155033238	155033308	155033893	155033965	+
chr1	ADAM15	155033890	155033965	155034379	155034451	+
chr1	ADAM15	155033890	155033965	155034379	155034593	+
chr1	ADAM15	155033893	155033965	155034379	155034451	+
chr1	ADAM15	155033893	155033965	155034379	155034593	+
chr1	SLC50A1	155109303	155109427	155110036	155110198	+
chr1	MUC1	155159930	155160020	155160197	155160334	-
chr1	MUC1	155159930	155160020	155160483	155160539	-
chr1	MUC1	155159930	155160020	155160638	155160688	-
chr1	MUC1	155159930	155160020	155160638	155160707	-
chr1	MUC1	155159930	155160020	155160638	155160761	-
chr1	MUC1	155159930	155160052	155160197	155160334	-
chr1	MUC1	155159930	155160052	155160483	155160539	-
chr1	MUC1	155159930	155160052	155160638	155160707	-
chr1	MUC1	155159930	155160052	155160638	155160761	-
chr1	MUC1	155160197	155160334	155160483	155160539	-
chr1	MUC1	155160483	155160530	155160638	155160688	-
chr1	MUC1	155160483	155160530	155160638	155160707	-
chr1	MUC1	155160483	155160539	155160638	155160688	-
chr1	MUC1	155160483	155160539	155160638	155160707	-
chr1	MUC1	155160483	155160539	155160638	155160761	-
chr1	THBS3	155173303	155173330	155174645	155174748	-
chr1	YY1AP1	155650206	155650247	155657861	155657992	-
chr1	DAP3	155686796	155686919	155691307	155691409	+
chr1	MIB2	1560925	1561033	1562029	1562134	+
chr1	PMF1	156195347	156195459	156202110	156202216	+
chr1	PMF1-BGLAP	156203418	156203519	156206078	156206274	+
chr1	PAQR6	156214932	156215029	156215572	156215778	-
chr1	CCT3	156306869	156307031	156307467	156307580	-
chr1	RHBG	156340972	156341045	156344397	156344520	+
chr11	SERPING1	57365721	57365794	57367351	57367850	+
chr1	FCRL1	157767548	157767610	157767657	157767729	-
chr1	CD1E	158324166	158324463	158325089	158325359	+
chr1	IFI16	159015086	159015254	159019221	159019389	+
chr11	STX3	59562844	59562955	59563074	59563185	+
chr1	DDI2	15960292	15960374	15964801	15964929	+
chr11	MS4A4E	59992437	59992566	59996066	59996100	-
chr11	MS4A14	60172018	60172139	60173361	60173460	+
chr1	NCSTN	160313493	160313678	160314265	160314404	+
chr11	MS4A15	60531178	60531431	60535039	60535128	+
chr1	SLAMF7	160717983	160718304	160719610	160719883	+
chr1	SLAMF7	160719610	160719883	160721134	160721238	+
chr1	SLAMF7	160720093	160720213	160721134	160721238	+
chr11	CD6	60781390	60781486	60783184	60783307	+
chr11	IRF7	613950	614037	614173	614399	-
chr1	FCRLA	161680264	161680282	161680549	161680702	+
chr1	FCRLA	161680549	161680702	161681723	161682008	+
chr1	ZBTB17	16273429	16273618	16274785	16274992	-
chr1	ZBTB17	16273429	16273618	16274789	16274992	-
chr11	RTN3	63472322	63472379	63486173	63488504	+
chr11	RTN3	63472322	63472379	63486452	63488504	+
chr11	MARK2	63673559	63673586	63675731	63675776	+
chr11	SLC25A45	65146846	65147032	65147337	65147409	-
chr11	FRMD8	65156831	65156999	65161043	65161145	+
chr11	KDM2A	66899422	66899544	66917236	66917334	+
chr1	POU2F1	167210643	167210847	167272710	167272811	+
chr1	GPR161	168083693	168083787	168104143	168104274	-
chr1	CROCCP3	16812920	16813156	16816179	16816286	-
chr11	ORAOV1	69486516	69486587	69487983	69488089	-
chr11	CTTN	70267575	70267686	70268614	70268698	+
chr11	SHANK2	70346674	70346698	70348027	70348036	-
chr11	FAM86C1	71502781	71502865	71504425	71504527	+
chr11	FAM86C1	71502784	71502865	71504425	71504527	+
chr11	NUMA1	71760464	71760585	71773634	71773732	-
chr11	P2RY6	72983351	72983511	73006774	73006860	+
chr11	RAB6A	73429657	73429763	73429829	73429935	-
chr1	KLHL20	173685141	173685205	173702851	173703425	+
chr11	XRRA1	74563033	74563127	74617283	74617501	-
chr11	XRRA1	74570202	74570328	74574025	74574066	-
chr11	ACER3	76637600	76637711	76670022	76670075	+
chr11	ACER3	76670022	76670075	76670120	76670244	+
chr11	CAPN5	76782655	76782728	76784036	76784183	+
chr11	NDUFC2-KCTD14	77749709	77749804	77784043	77784187	-
chr1	SOAT1	179271811	179271937	179292571	179292630	+
chr1	FAM163A	179778459	179778581	179781244	179781266	+
chr1	NPL	182787675	182787824	182787947	182787994	+
chr11	DLG2	83194295	83194341	83195171	83195271	-
chr1	WASH7P	18267	18366	24737	24891	-
chr11	TSPAN4	847200	847300	850287	850367	+
chr11	TMEM126B	85340175	85340247	85342188	85342360	+
chr11	TMEM126B	85340175	85340306	85342188	85342360	+
chr11	TMEM135	86802403	86802437	86868382	86868448	+
chr1	KCNT2	196286303	196286399	196295846	196296019	-
chr1	MINOS1	19927280	19927465	19943751	19943830	+
chr1	ETNK2	204115769	204115892	204118830	204119090	-
chr1	PLEKHA6	204219673	204219742	204225929	204226016	-
chr1	PLEKHA6	204220658	204220739	204224753	204224807	-
chr1	PLEKHA6	204220658	204220739	204225929	204226016	-
chr1	LRRN2	204590670	204590773	204651997	204652125	-
chr1	NFASC	204960419	204960434	204971723	204971876	+
chr1	LEMD1	205353415	205353492	205388357	205388480	-
chr1	LEMD1	205385359	205385424	205388357	205388480	-
chr1	CD55	207513735	207513853	207527351	207527444	+
chr1	CR1L	207881522	207881608	207888656	207888742	+
chr1	SYT14	210126399	210126604	210139237	210139358	+
chr12	MYBPC1	102010979	102011021	102020649	102020688	+
chr12	MYBPC1	102076381	102076440	102078159	102078202	+
chr12	PARPBP	102520924	102521077	102530914	102531022	+
chr12	PARPBP	102547646	102547767	102558215	102558386	+
chr12	OLR1	10312945	10313061	10313384	10313524	-
chr12	KLRD1	10461986	10462079	10462224	10462287	+
chr12	TXNRD1	104682708	104682818	104705067	104705190	+
chr1	HHAT	210522276	210522410	210536195	210536263	+
chr12	KLRC3	10571642	10571687	10572147	10572192	-
chr12	CMKLR1	108687365	108687441	108723771	108723984	-
chr12	ISCU	108961433	108961533	108961695	108961792	+
chr12	GIT2	110385060	110385309	110389016	110389121	-
chr12	ANKRD13A	110458912	110459106	110461850	110461917	+
chr12	ANKRD13A	110468449	110468563	110471601	110471762	+
chr12	VPS29	110936624	110936664	110937339	110937351	-
chr12	TCTN1	111072200	111072268	111072474	111072584	+
chr12	RPH3A	113274295	113274307	113285500	113285647	+
chr12	ACADS	121175639	121175791	121175851	121175991	+
chr12	P2RX7	121598704	121598777	121600226	121600323	+
chr12	DIABLO	122709058	122709191	122709191	122709295	-
chr12	CLIP1	122831921	122832026	122835657	122835690	-
chr12	ABCB9	123425353	123425542	123428937	123429066	-
chr12	MPHOSPH9	123687170	123687631	123687660	123687922	-
chr1	EIF4G3	21267983	21268823	21276495	21276604	-
chr1	EIF4G3	21308880	21308901	21324093	21324126	-
chr1	ANGEL2	213184549	213184800	213186434	213186760	-
chr1	RPS6KC1	213244347	213244383	213251037	213251158	+
chr12	P2RX2	133196024	133196160	133196429	133196505	+
chr12	CHFR	133438918	133439011	133446204	133446384	-
chr12	CHFR	133438918	133439011	133446204	133446420	-
chr12	ZNF268	133764457	133764658	133768074	133768201	+
chr12	ZNF268	133764457	133764658	133768493	133768589	+
chr1	ESRRG	216824314	216824431	217038402	217038520	-
chr1	ESRRG	216850417	216850833	217038402	217038520	-
chr1	ESRRG	216888415	216888591	217038402	217038520	-
chr1	ESRRG	217038402	217038520	217112923	217113015	-
chr1	LYPLAL1	219352741	219352768	219366423	219366593	+
chr1	LYPLAL1	219352741	219352768	219366471	219366593	+
chr12	SLCO1C1	20852485	20852639	20858882	20859015	+
chr12	C2CD5	22670919	22671071	22672048	22672173	-
chr1	FBXO28	224321775	224321914	224340843	224341039	+
chr1	CNIH4	224548196	224548265	224551810	224552157	+
chr12	CACNA1C	2613601	2613705	2614007	2614111	+
chr12	CACNA1C	2706395	2706455	2706602	2706662	+
chr1	CDC42BPA	227247073	227247090	227257477	227257554	-
chr12	CACNA1C	2742794	2742878	2743462	2743546	+
chr12	CACNA1C	2743462	2743546	2757640	2757673	+
chr12	ARNTL2	27523061	27523163	27529278	27529320	+
chr12	CACNA1C	2789528	2789741	2791115	2791220	+
chr1	MRPL55	228296137	228296175	228296655	228296722	-
chr12	CAPRIN2	30872012	30872159	30873744	30873849	-
chr1	TSNAX-DISC1	231696873	231697001	231752389	231752652	+
chr1	DISC1	231837700	231837770	231885671	231885822	+
chr1	DISC1	231856593	231856670	231856692	231856818	+
chr1	DISC1	231930987	231931042	231935853	231935956	+
chr12	DNM1L	32866142	32866305	32871576	32871697	+
chr12	DNM1L	32890798	32890876	32891197	32891230	+
chr1	HNRNPR	23650048	23650225	23660010	23660124	-
chr1	ACTN2	236897732	236897818	236898934	236899020	+
chr12	KIF21A	39709733	39709772	39711874	39712003	-
chr12	MUC19	40808269	40808455	40811931	40811982	+
chr12	MUC19	40810119	40810161	40811931	40811982	+
chr1	RGS7	240963940	240964021	240964754	240964808	-
chr12	YAF2	42592937	42593037	42604349	42604421	-
chr12	SLC38A4	47197385	47197577	47218088	47218168	-
chr1	GCSAML	247712346	247712522	247719708	247719768	+
chr1	RCAN3	24840803	24841057	24857707	24857881	+
chr1	RCAN3	24857707	24857881	24859572	24859744	+
chr12	KANSL2	49054148	49054402	49056342	49056437	-
chr12	KANSL2	49054250	49054402	49056342	49056437	-
chr12	SPATS2	49780836	49780920	49835512	49835599	+
chr12	RACGAP1	50412298	50412372	50413526	50413589	-
chr12	SCN8A	52082541	52082633	52082788	52082880	+
chr12	SCN8A	52173985	52174055	52174432	52174555	+
chr12	SMUG1	54581602	54581686	54582298	54582380	-
chr12	SMUG1	54581602	54581689	54582298	54582380	-
chr12	ITGA5	54803268	54803381	54805617	54805748	-
chr12	ITGA7	56093653	56093773	56094045	56094177	-
chr1	RHD	25633086	25633220	25643490	25643570	+
chr12	DGKA	56332294	56332344	56332421	56332482	+
chr1	RHD	25634137	25634307	25643490	25643570	+
chr12	RAB5B	56383730	56383882	56384465	56384588	+
chr12	CS	56685003	56685090	56692392	56692475	-
chr12	RBMS2	56956200	56956367	56962758	56962817	+
chr12	RBMS2	56965481	56965639	56974061	56974159	+
chr1	RHCE	25701839	25701919	25712201	25712335	-
chr12	PTGES3	57059987	57060050	57064058	57064148	-
chr12	PTGES3	57064058	57064148	57065532	57065631	-
chr12	STAT6	57501387	57501526	57501945	57502082	-
chr12	ARHGAP9	57867385	57867491	57867824	57867959	-
chr12	DCTN2	57932035	57932130	57932301	57932307	-
chr12	TNFRSF1A	6442902	6443031	6443256	6443410	-
chr12	SRGAP1	64485055	64485158	64485672	64485706	+
chr12	ING4	6762395	6762562	6765892	6765964	-
chr1	DHDDS	26772806	26772923	26774049	26774151	+
chr12	MDM1	68719220	68719355	68720436	68720801	-
chr12	RAP1B	69045774	69045831	69047891	69048032	+
chr12	MDM2	69207333	69207408	69210591	69210725	+
chr12	MDM2	69207333	69207408	69214104	69214154	+
chr12	MDM2	69207333	69207408	69229608	69229764	+
chr12	MDM2	69214104	69214154	69229608	69229764	+
chr12	MDM2	69218334	69218431	69222550	69222711	+
chr12	MDM2	69222550	69222711	69229608	69229764	+
chr12	TBC1D15	72248564	72248633	72255184	72255276	+
chr12	KCNC2	75436059	75436154	75441932	75442097	-
chr12	NAP1L1	76462688	76462774	76467982	76468019	-
chr12	PPP1R12A	80199371	80199548	80199945	80200113	-
chr12	PPFIA2	81696458	81696468	81705938	81705947	-
chr12	CLEC4A	8278156	8278273	8281859	8281958	+
chr12	CLEC4A	8278156	8278273	8288180	8288332	+
chr12	MGAT4C	86416226	86416322	86421881	86421982	-
chr12	MGAT4C	86416226	86416322	86421865	86421985	-
chr1	PHACTR4	28759441	28759557	28784342	28784370	+
chr1	EPB41	29424318	29424447	29435847	29435949	+
chr12	SLC25A3	98989210	98989335	98989504	98989626	+
chr12	SLC25A3	98989210	98989439	98989504	98989626	+
chr12	ANKS1B	99201621	99201693	99222951	99223131	-
chr12	ANKS1B	99201621	99201696	99225806	99225914	-
chr12	KLRF1	9985898	9986048	9994407	9994550	+
chr12	KLRF1	9985898	9986048	9994919	9995032	+
chr13	ITGBL1	102106233	102106451	102220049	102220196	+
chr13	TPTE2	19999846	19999973	20000564	20000657	-
chr13	TPTE2	20048053	20048215	20056627	20056687	-
chr13	CRYL1	21087589	21087820	21089859	21089959	-
chr13	XPO4	21437107	21437262	21442734	21442840	-
chr1	BAI2	32208438	32208603	32209793	32209958	-
chr13	SGCG	23765385	23765536	23771286	23771315	+
chr13	SPATA13	24796956	24798720	24823614	24823980	+
chr13	RNF17	25378425	25378567	25398397	25398512	+
chr13	WASF3	27250685	27250861	27254171	27254338	+
chr13	HSPH1	31726988	31727088	31728769	31728892	-
chr13	N4BP2L1	32978339	32978408	32978457	32978534	-
chr13	N4BP2L2	33020495	33020617	33052023	33052185	-
chr13	N4BP2L2	33111142	33111164	33112754	33112821	-
chr13	TRPC4	38266135	38266472	38320073	38320592	-
chr13	SLC25A30	45983061	45983209	45985496	45985615	-
chr13	KIAA0226L	46946075	46946345	46952024	46952140	-
chr13	KIAA0226L	46946075	46946732	46952024	46952140	-
chr13	DLEU1	50849067	50849182	50964333	50964427	+
chr13	DLEU1	50912811	50912970	50964333	50964427	+
chr13	DLEU1	50912811	50912970	50989224	50989338	+
chr13	DLEU1	50964333	50964427	50989224	50989338	+
chr13	BCMS	50989224	50989338	51007548	51007686	+
chr13	BCMS	51007548	51007686	51066786	51066897	+
chr13	DLEU1	51032138	51032249	51066786	51066897	+
chr13	BCMS	51066786	51066897	51102001	51102200	+
chr13	DLEU1	51066786	51066897	51102001	51102200	+
chr13	ATP7B	52518244	52518427	52520419	52520614	-
chr13	ATP7B	52520419	52520614	52523797	52523932	-
chr13	ATP7B	52532446	52532680	52534283	52534458	-
chr13	DIAPH3	60667761	60667866	60686143	60686320	-
chr1	TP73	3647490	3647629	3648026	3648120	+
chr13	BORA	73305418	73305525	73309097	73309143	+
chr13	DIS3	73354983	73355141	73355426	73355494	-
chr1	MEAF6	37962147	37962205	37962307	37962337	-
chr1	AKIRIN1	39463842	39463983	39466643	39466778	+
chr13	ABCC4	95918365	95918518	95921563	95921676	-
chr1	TRIT1	40312891	40312969	40313219	40313332	-
chr14	MEG3	101297352	101297431	101298848	101298978	+
chr14	MEG3	101297757	101297871	101298848	101298978	+
chr14	MEG3	101297757	101297871	101302072	101302216	+
chr14	MEG3	101298848	101298978	101300968	101301088	+
chr14	MEG3	101298848	101298978	101302072	101302216	+
chr14	MEG3	101298848	101298978	101302075	101302216	+
chr14	MEG3	101300968	101301088	101302072	101302216	+
chr14	MEG3	101300968	101301088	101302075	101302216	+
chr14	PPP2R5C	102252354	102252520	102285328	102285422	+
chr14	WDR20	102659799	102659812	102661274	102661457	+
chr14	MARK3	103964838	103964865	103966492	103966537	+
chr14	CRIP2	105939397	105939849	105944602	105944697	+
chr14	C14orf80	105958915	105959071	105960171	105960270	+
chr1	SCMH1	41617285	41617356	41625396	41625605	-
chr1	EDN2	41946765	41946864	41948136	41948259	-
chr14	CCNB1IP1	20785952	20786133	20786414	20786629	-
chr14	RNASE9	21027740	21027792	21028495	21028530	-
chr14	TCRA	22946701	22946758	22998587	22998641	+
chr14	RBM23	23377541	23377589	23380536	23380612	-
chr14	CMTM5	23847557	23847710	23848239	23848332	+
chr14	DHRS4L2	24470592	24470726	24473545	24473601	+
chr14	DHRS4L1	24506951	24507216	24507615	24507793	+
chr14	DHRS4L1	24507532	24507793	24517885	24518020	+
chr14	PCK2	24563974	24564054	24566100	24566346	+
chr14	STXBP6	25457091	25457178	25479730	25479846	-
chr14	SCFD1	31097414	31097485	31099682	31099771	+
chr14	MIPOL1	37688757	37688896	37696930	37697043	+
chr1	ELOVL1	43830598	43830679	43830856	43831047	-
chr1	ST3GAL3	44280562	44280605	44303890	44303983	+
chr1	ST3GAL3	44323806	44323980	44345006	44345179	+
chr1	DPH2	44436637	44436861	44437058	44437742	+
chr14	NEMF	50307435	50307584	50312857	50312983	-
chr14	METTL21D	50579332	50579437	50580087	50580230	-
chr14	GCH1	55310499	55310587	55310718	55310861	-
chr14	FLJ31306	58759783	58759856	58760031	58760262	-
chr14	FLJ31306	58759783	58759856	58760483	58762529	-
chr14	FLJ31306	58760031	58760262	58760483	58762529	-
chr14	HIF1A	62187099	62187290	62188226	62188372	+
chr14	ESR2	64716263	64716397	64723943	64724082	-
chr1	MAST2	46476401	46476611	46485267	46485369	+
chr14	GPX2	65406710	65406916	65408034	65408239	-
chr14	RAB15	65417296	65417382	65417514	65417599	-
chr14	FUT8	65922338	65922436	66028054	66028484	+
chr14	GPHN	67291191	67291284	67309395	67309434	+
chr14	ACTN1	69345174	69345240	69345705	69345786	-
chr14	SLC8A3	70527552	70527656	70530539	70530646	-
chr14	SYNJ2BP-COX16	70809374	70809446	70839749	70839848	-
chr1	CYP4B1	47276811	47276856	47277848	47278020	+
chr14	ZNF410	74361061	74361112	74361939	74362117	+
chr14	ZNF410	74391404	74391522	74393809	74393931	+
chr14	ABCD4	74759856	74759951	74761850	74761901	-
chr14	ABCD4	74766250	74766378	74766852	74766971	-
chr14	DLST	75352288	75352337	75355797	75355850	+
chr14	GPATCH2L	76644234	76644274	76644330	76644385	+
chr14	C14orf166B	77304217	77304314	77310765	77310815	+
chr14	ADCK1	78325418	78325622	78353433	78353592	+
chr14	DIO2	80671944	80672078	80672573	80672681	-
chr14	TTC8	89300036	89300066	89303251	89303410	+
chr14	TTC8	89307768	89307901	89310149	89310194	+
chr14	TTC8	89312941	89313019	89313191	89313251	+
chr14	TTC7B	91068349	91068544	91069596	91069647	-
chr14	ATXN3	92549469	92549602	92559595	92559662	-
chr14	ATXN3	92549469	92549602	92562436	92562481	-
chr14	ATXN3	92549469	92549602	92563017	92563182	-
chr14	ATXN3	92555073	92555161	92559595	92559662	-
chr14	ATXN3	92555073	92555161	92562436	92562481	-
chr14	ATXN3	92559595	92559662	92560089	92560175	-
chr14	ATXN3	92559595	92559662	92562436	92562478	-
chr14	ATXN3	92559595	92559662	92562436	92562481	-
chr14	ATXN3	92559595	92559662	92563017	92563182	-
chr14	ATXN3	92560089	92560175	92562436	92562478	-
chr14	ATXN3	92560089	92560175	92562436	92562481	-
chr14	ATXN3	92560089	92560175	92563017	92563182	-
chr14	ATXN3	92562436	92562478	92563017	92563182	-
chr14	ATXN3	92562436	92562481	92563017	92563182	-
chr14	TCL6	96128816	96129001	96129592	96129972	+
chr14	TCL1B	96134462	96134917	96135887	96135954	+
chr15	MEF2A	100211527	100211659	100211724	100211862	+
chr15	HERC2P3	20688655	20688770	20706798	20706967	-
chr1	OSBPL9	52117662	52117713	52135105	52135184	+
chr15	WHAMMP3	23196161	23196291	23198509	23198675	-
chr15	PWRN1	24813043	24813329	24813677	24813710	+
chr15	IPW	25334760	25335013	25335058	25335157	+
chr15	UBE3A	25652213	25652409	25653766	25653831	-
chr15	APBA2	29140665	29140755	29212399	29212509	+
chr15	CHRNA7	32403990	32404100	32446107	32446187	+
chr15	CHRNA7	32404440	32404564	32446107	32446187	+
chr1	ZYG11B	53271142	53271196	53273508	53273597	+
chr1	SCP2	53407467	53407525	53413680	53413752	+
chr1	SCP2	53413680	53413752	53416426	53416558	+
chr15	RAD51	40994003	40994124	40998374	40998492	+
chr15	MAPKBP1	42106747	42106937	42107456	42107603	+
chr15	CAPN3	42698123	42698141	42700408	42700522	+
chr1	DIO1	54360111	54360220	54370338	54370482	+
chr1	DIO1	54370338	54370482	54371767	54371967	+
chr1	LDLRAD1	54477815	54477953	54483048	54483100	-
chr15	HMGN2P46	45807970	45808090	45828282	45828407	+
chr1	SSBP3	54722799	54722859	54723741	54723822	-
chr15	SEMA6D	48059233	48059290	48060777	48060812	+
chr15	SLC12A1	48518672	48518768	48519275	48519371	+
chr1	MROH7	55145563	55145718	55148328	55148467	+
chr1	MROH7	55148328	55148467	55151930	55152121	+
chr15	CYP19A1	51547714	51547958	51616012	51616121	-
chr15	TCF12	57355947	57356021	57364850	57364912	+
chr15	GCOM1	57953647	57953731	57967165	57967266	+
chr15	GCOM1	57967165	57967266	57984096	57984170	+
chr15	GCOM1	57967165	57967266	58004181	58004386	+
chr15	LIPC	58830531	58830716	58833983	58834166	+
chr15	ANXA2	60682411	60682516	60689456	60689537	-
chr15	TPM1	63335904	63336030	63336225	63336351	+
chr15	TPM1	63353396	63353472	63353911	63353987	+
chr15	DPP8	65746600	65746753	65748562	65748709	-
chr15	VWA9	65897466	65897574	65899496	65899780	-
chr15	ZWILCH	66801083	66801230	66806325	66806421	+
chr15	IQCH	67596676	67596793	67629312	67629433	+
chr15	CALML4	68491878	68492019	68497458	68497489	-
chr15	KIF23	69733106	69733418	69737128	69737380	+
chr15	PKM	72494794	72494961	72495362	72495529	-
chr15	SCAMP5	75289574	75289657	75302231	75302281	+
chr15	TSPAN3	77348130	77348205	77348405	77348597	-
chr15	ZFAND6	80367505	80367584	80390757	80390920	+
chr15	ZFAND6	80367505	80367584	80407368	80407412	+
chr15	ZFAND6	80390757	80390920	80407368	80407412	+
chr15	SEC11A	85213955	85214013	85223943	85224063	-
chr15	SEC11A	85222456	85222518	85223162	85223200	-
chr15	SEC11A	85223943	85224063	85230855	85231005	-
chr15	PDE8A	85632568	85632647	85634274	85634412	+
chr15	AKAP13	86201767	86201821	86205618	86205684	+
chr1	MYSM1	59134101	59134238	59134303	59134354	-
chr15	PRC1	91527247	91527370	91527922	91528055	-
chr15	VPS33B	91560192	91560254	91561034	91561115	-
chr15	TTC23	99781569	99781764	99785593	99785715	-
chr16	TVP23A	10868808	10868953	10902393	10902463	-
chr16	TVP23A	10868808	10869404	10902393	10902463	-
chr16	TVP23A	10894153	10894195	10911959	10912039	-
chr16	MYH11	15878554	15878575	15880331	15880351	-
chr16	HN1L	1735439	1735588	1741843	1741986	+
chr1	NFIA	61892136	61892228	61905122	61905190	+
chr16	GP2	20334702	20334711	20335137	20335578	-
chr16	LYRM1	20913807	20914039	20926877	20927036	+
chr16	CLN3	28490782	28490907	28490964	28491086	-
chr16	CLN3	28498982	28499062	28499911	28499983	-
chr16	CLN3	28498982	28499062	28500610	28500707	-
chr16	CLN3	28499911	28499983	28500610	28500707	-
chr16	CLN3	28499911	28499983	28502802	28502881	-
chr16	CLN3	28500610	28500707	28502802	28502881	-
chr16	ATXN2L	28843816	28843888	28844137	28844208	+
chr16	IL32	3117554	3117614	3117984	3118011	+
chr16	IL32	3117984	3118011	3118180	3118240	+
chr16	RGS11	324213	324265	324956	325082	-
chr16	PHKB	47698795	47698886	47699852	47699943	+
chr16	NOD2	50750801	50750885	50753835	50753919	+
chr1	TNFRSF25	6522688	6522723	6524611	6524779	-
chr16	KIFC3	57819375	57819578	57822486	57822625	-
chr16	TK2	66570866	66570920	66575781	66575856	-
chr16	CKLF	66592092	66592251	66597024	66597120	+
chr16	CKLF-CMTM1	66592092	66592251	66597024	66597120	+
chr16	CMTM1	66603838	66603997	66605053	66605173	+
chr16	CMTM1	66605039	66605173	66611006	66611105	+
chr16	CMTM1	66608842	66609040	66611006	66611105	+
chr16	DYNC1LI2	66776340	66776571	66783099	66783216	-
chr16	RANBP10	67778190	67778358	67805936	67805989	-
chr16	RANBP10	67805936	67805989	67839330	67839442	-
chr16	NFATC3	68248231	68248335	68255098	68255187	+
chr16	SLC7A6	68321648	68321774	68325111	68325235	+
chr16	C16orf13	685280	685340	685611	685774	-
chr16	NQO1	69746930	69747032	69748866	69748980	-
chr16	DDX19A	70390014	70390150	70395320	70395413	+
chr1	SGIP1	67160121	67160187	67161116	67161176	+
chr16	AP1G1	71800341	71800349	71801779	71801788	-
chr16	ZNF821	71898805	71898951	71901814	71901940	-
chr16	HP	72090428	72090530	72092152	72092254	+
chr16	HP	72091290	72091365	72093012	72093087	+
chr16	ZFP1	75186806	75186864	75200667	75200794	+
chr1	IL23R	67648518	67648642	67666419	67666580	+
chr1	IL23R	67666419	67666580	67672592	67672738	+
chr1	IL23R	67666419	67666580	67685256	67685413	+
chr1	IL23R	67666424	67666580	67685256	67685413	+
chr1	IL23R	67672592	67672738	67685256	67685413	+
chr1	IL23R	67685256	67685413	67702395	67702485	+
chr1	IL23R	67685256	67685413	67721519	67721610	+
chr1	IL23R	67702395	67702485	67705861	67705964	+
chr1	IL23R	67711477	67711639	67717618	67717751	+
chr16	RBFOX1	7714930	7714970	7721558	7721601	+
chr16	NUDT7	77769290	77769404	77769724	77769883	+
chr1	IL12RB2	67852261	67852352	67855711	67855811	+
chr1	GADD45A	68151707	68151809	68152032	68152270	+
chr16	CDH13	83065614	83065823	83158989	83159106	+
chr16	TAF1C	84214473	84214601	84214648	84214792	-
chr1	GNG12-AS1	68421838	68421945	68500329	68500446	+
chr1	GNG12-AS1	68566380	68566457	68568337	68568410	+
chr16	MTHFSD	86585578	86585752	86585784	86585898	-
chr16	MTHFSD	86585638	86585752	86585784	86585898	-
chr16	PABPN1L	88931260	88931348	88931429	88931536	-
chr16	PMM2	8900172	8900264	8904935	8905035	+
chr16	ZNF778	89288499	89288591	89289564	89289691	+
chr16	ZNF778	89289564	89289691	89291126	89291210	+
chr16	DEF8	90015824	90015921	90020650	90020784	+
chr17	MYOCD	12659730	12659874	12661401	12661530	+
chr1	PTGER3	71327987	71328080	71419445	71419472	-
chr1	PTGER3	71331371	71331516	71334926	71335002	-
chr17	COX10	13980051	13980373	14005434	14005559	+
chr17	C17orf76-AS1	16344387	16344444	16364206	16364559	+
chr17	TOM1L2	17786018	17786177	17787947	17788082	-
chr17	TOM1L2	17787947	17788082	17796974	17797124	-
chr17	LRRC37A2	206987	207106	233085	233157	+
chr17	NSRP1	28445097	28445191	28483557	28483680	+
chr17	RHOT1	30536368	30536464	30538134	30538257	+
chr17	RHBDL3	30611677	30611836	30615250	30615388	+
chr17	RAD51D	33434006	33434141	33434384	33434466	-
chr17	RAD51D	33434006	33434141	33443877	33444056	-
chr17	RAD51D	33434384	33434466	33443877	33444056	-
chr17	RAD51D	33434384	33434466	33445519	33445638	-
chr17	RAD51D	33443877	33444056	33445519	33445638	-
chr17	RDM1	34249580	34249679	34251607	34251776	-
chr17	CTNS	3543481	3543561	3558291	3558395	+
chr17	HNF1B	36059081	36059200	36060987	36061182	-
chr17	SRCIN1	36724458	36724479	36731122	36731221	-
chr17	CACNB1	37341383	37341403	37342202	37342357	-
chr17	PGAP3	37830869	37830932	37840849	37841002	-
chr17	IKZF3	37933903	37934020	37944510	37944627	-
chr17	IKZF3	37933903	37934020	37947668	37947836	-
chr17	IKZF3	37933903	37934020	37948925	37949186	-
chr17	IKZF3	37944510	37944627	37947668	37947836	-
chr17	IKZF3	37944510	37944627	37948925	37949186	-
chr17	IKZF3	37947668	37947836	37948925	37949186	-
chr17	IKZF3	37948925	37949186	37985639	37985741	-
chr17	GSDMB	38063213	38063240	38064428	38064467	-
chr17	GSDMB	38063213	38063240	38065210	38065295	-
chr17	GSDMB	38063213	38063240	38066008	38066177	-
chr17	MED24	38191974	38192048	38192368	38192407	-
chr17	ATP2A3	3831274	3831332	3831520	3831621	-
chr17	ATP2A3	3831274	3831332	3831533	3831621	-
chr17	SMARCE1	38798706	38798811	38801827	38801871	-
chr17	SMARCE1	38798706	38798811	38802047	38802099	-
chr17	RAB5C	40283624	40283840	40289779	40289896	-
chr17	EZH1	40874812	40874933	40876322	40876442	-
chr17	EZH1	40874812	40874933	40879652	40879781	-
chr17	EZH1	40879652	40879781	40880842	40880970	-
chr17	EZH1	40880842	40880970	40882845	40882936	-
chr17	PSME3	40990109	40990222	40990747	40990816	+
chr17	LINC00671	41036611	41036703	41046582	41046651	-
chr17	BRCA1	41258472	41258550	41267742	41267796	-
chr17	MPP2	41975629	41975748	41981797	41981861	-
chr17	MPP2	41975647	41975748	41981797	41981861	-
chr17	LRRC37A	424900	425019	447418	447499	+
chr17	LRRC37A	424900	425019	451019	451091	+
chr17	LRRC37	43598672	43598791	43616528	43616609	-
chr17	LRRC37	43598672	43598791	43620129	43620201	-
chr17	LRRC37	43617257	43617329	43620129	43620201	-
chr17	CRHR1	43893828	43893948	43898720	43898806	+
chr17	CRHR1	43911079	43911215	43911372	43911414	+
chr17	LRRC37A	44380003	44380075	44405757	44405876	+
chr17	LRRC37A	44400318	44400393	44405757	44405876	+
chr17	LRRC37A2	44597577	44597649	44623620	44623739	+
chr17	LRRC37A2	44618172	44618247	44623620	44623739	+
chr17	LRRC37A	448148	448220	451019	451091	+
chr17	PNPO	46022924	46022978	46023226	46023355	+
chr17	CALCOCO2	46923395	46923458	46923804	46923876	+
chr17	SPOP	47714120	47714171	47745388	47745440	-
chr17	SPOP	47714120	47714171	47753256	47753378	-
chr17	SPOP	47745388	47745440	47753256	47753378	-
chr17	TAC4	47917211	47917271	47918913	47918946	-
chr17	CACNA1G	48697043	48697187	48699020	48699155	+
chr17	TOM1L1	52981068	52981153	52982849	52982928	+
chr17	RPAIN	5329290	5329402	5329555	5329619	+
chr17	RPAIN	5329290	5329402	5331390	5331531	+
chr17	RPAIN	5329555	5329619	5331390	5331531	+
chr17	VMP1	57812698	57812834	57814813	57814904	+
chr17	VMP1	57816197	57816308	57842331	57842499	+
chr17	TUBD1	57955463	57955695	57968191	57968402	-
chr17	STRADA	61791365	61791468	61803997	61804055	-
chr17	C17orf72	62078443	62078668	62078826	62078897	+
chr17	LRRC37A3	62859017	62859136	62885798	62885870	-
chr17	LRRC37A3	62885798	62885870	62888646	62888718	-
chr17	AIPL1	6331637	6331826	6337238	6337418	-
chr17	KIAA0753	6526828	6526891	6526926	6527008	-
chr17	XAF1	6663724	6663920	6665473	6665559	+
chr17	TMEM104	72773716	72773877	72781620	72781742	+
chr17	SLC25A19	73284468	73284542	73284582	73284672	-
chr17	WBP2	73843876	73844011	73844650	73844743	-
chr17	ACOX1	73956295	73956456	73969705	73969866	-
chr17	EXOC7	74086409	74086478	74087223	74087316	-
chr17	QRICH2	74287095	74290102	74297523	74297621	-
chr17	TNFSF13	7462940	7463019	7463164	7463210	+
chr17	TNFSF13	7462940	7463019	7463167	7463210	+
chr17	C17orf62	80404498	80404572	80405455	80405497	-
chr17	C17orf62	80405455	80405497	80407045	80407168	-
chr17	NARF	80430439	80430574	80436446	80436543	+
chr1	LOC643837	787306	787490	788050	788146	+
chr17	PIK3R5	8793289	8793443	8794054	8794229	-
chr17	CRHR1	956095	956137	956294	956430	+
chr17	CRHR1	968742	968828	973594	973714	+
chr18	LINC00470	1278568	1278634	1353407	1353463	-
chr18	FAM210A	13687741	13687881	13697545	13697673	-
chr18	ANKRD30B	14808549	14808578	14822481	14822510	+
chr18	USP14	166786	166819	178932	179037	+
chr18	TMEM241	20950179	20950225	20951385	20951434	-
chr18	TMEM241	20979529	20979611	21001330	21001408	-
chr18	SS18	23658039	23658124	23667464	23667541	-
chr18	SS18	23660268	23660387	23662326	23662492	-
chr18	DTNA	32409363	32409453	32418057	32418135	+
chr18	ELP2	33718757	33718835	33719381	33719576	+
chr18	LINC00907	39869468	39869559	39915048	39915268	+
chr18	SLC14A1	43307225	43307383	43310979	43311169	+
chr18	SLC14A1	43316420	43316613	43319127	43319275	+
chr18	PIAS2	44444126	44444211	44470542	44471017	-
chr18	ZBTB7C	45598830	45598981	45614040	45614169	-
chr18	ZBTB7C	45598830	45598981	45691501	45691624	-
chr18	ZBTB7C	45598830	45598981	45691501	45691628	-
chr18	ZBTB7C	45598830	45598981	45711694	45711826	-
chr18	ZBTB7C	45603306	45603374	45688718	45688768	-
chr18	ZBTB7C	45614040	45614169	45688718	45688768	-
chr18	ZBTB7C	45614040	45614169	45691501	45691624	-
chr18	ZBTB7C	45614040	45614169	45691501	45691628	-
chr18	ZBTB7C	45614040	45614169	45711694	45711826	-
chr18	ZBTB7C	45691501	45691624	45706700	45706848	-
chr18	ZBTB7C	45691501	45691624	45706740	45706848	-
chr18	ZBTB7C	45691501	45691624	45711694	45711826	-
chr18	ZBTB7C	45691501	45691628	45706700	45706848	-
chr18	ZBTB7C	45691501	45691628	45706740	45706848	-
chr18	ZBTB7C	45691501	45691628	45711694	45711826	-
chr18	ZBTB7C	45864544	45864769	45934728	45935026	-
chr18	ZBTB7C	45890524	45890585	45900592	45900684	-
chr18	MBD1	47800555	47800723	47801346	47801415	-
chr18	TCF4	53263336	53263457	53298528	53298619	-
chr18	EPB41L3	5400495	5400594	5400967	5401042	-
chr18	KIAA1468	59947006	59947089	59947592	59947675	+
chr1	SAMD11	865534	865716	871151	871276	+
chr18	TMX3	66367641	66367722	66368981	66369027	-
chr1	SAMD11	866418	866469	871151	871276	+
chr1	SAMD11	874651	874792	876523	876686	+
chr1	SAMD11	874654	874792	876523	876686	+
chr1	SAMD11	874651	874840	876523	876686	+
chr1	SAMD11	874654	874840	876523	876686	+
chr1	SAMD11	876523	876610	877515	877631	+
chr1	SAMD11	876523	876686	877515	877631	+
chr18	CTDP1	77488906	77489069	77496354	77496521	+
chr19	DNM2	10906736	10906875	10908055	10908194	+
chr19	POLR2E	1093754	1093902	1093902	1094077	-
chr19	LDLR	11213339	11213462	11215895	11216276	+
chr19	ZNF823	11835008	11835069	11836015	11836142	-
chr19	ZNF791	12734513	12734640	12735463	12735524	+
chr19	GCDH	13002929	13002992	13003130	13003248	+
chr19	CACNA1A	13338244	13338341	13339512	13339609	-
chr19	GIPC1	14593500	14593818	14602467	14602555	-
chr19	CLEC17A	14710842	14710994	14717804	14717914	+
chr19	EMR2	14865765	14865939	14866465	14866689	-
chr19	CYP4F3	15754716	15754861	15756528	15756673	+
chr19	CYP4F2	16006315	16006460	16008223	16008422	-
chr19	TCF3	1612205	1612432	1615283	1615519	-
chr19	CIB3	16278947	16279095	16283972	16284007	-
chr19	ZNF826P	20486768	20486818	20591749	20591845	-
chr19	ZNF85	21116829	21116956	21117754	21117853	+
chr19	ZNF708	21493302	21493429	21510761	21510943	-
chr1	BRDT	92415446	92416031	92428274	92428503	+
chr19	MAG	35786288	35786357	35786357	35786413	+
chr19	DMKN	35997027	35997087	35998359	35998413	-
chr19	DMKN	35997027	35997087	35999106	35999142	-
chr19	DMKN	35997411	35997567	35998359	35998413	-
chr19	ZNF260	37008187	37008295	37008931	37009045	-
chr19	ZNF567	37180302	37180399	37185703	37185778	+
chr19	ZNF345	37345351	37345496	37353818	37353913	+
chr19	ZNF568	37467228	37467269	37482077	37482201	+
chr19	RYR1	39002200	39002250	39002711	39002772	+
chr19	SIRT6	4179100	4179283	4180778	4180906	-
chr19	DEDD2	42706140	42706224	42708613	42708711	-
chr19	DEDD2	42706202	42706224	42708613	42708711	-
chr19	CEACAM1	43019162	43019255	43020924	43021017	-
chr19	CEACAM1	43019162	43019255	43023099	43023387	-
chr19	CEACAM1	43020924	43021017	43023099	43023387	-
chr19	PSG4	43699146	43699425	43702148	43702427	-
chr19	PSG9	43763008	43763287	43766011	43766290	-
chr19	STRN4	47243420	47243542	47249405	47249468	-
chr19	TMEM143	48848416	48848611	48863328	48863433	-
chr19	TMEM143	48848416	48848611	48866547	48866788	-
chr19	BAX	49458804	49458856	49458943	49459090	+
chr19	GYS1	49490450	49490642	49494558	49494740	-
chr19	TRPM4	49669297	49669472	49671516	49671680	+
chr19	IRF3	50167699	50167930	50167930	50168103	-
chr19	BCL2L12	50170275	50170418	50172107	50172194	+
chr19	CPT1C	50194917	50195027	50195077	50195146	+
chr19	CPT1C	50194917	50195027	50195077	50195210	+
chr19	CPT1C	50203940	50204112	50204573	50204675	+
chr19	KLK6	51470424	51470581	51471320	51471368	-
chr19	KLK7	51485022	51485170	51485582	51485713	-
chr19	ZNF615	52506949	52507153	52510545	52510583	-
chr19	ZNF480	52817405	52817532	52819086	52819215	+
chr19	ZNF83	53122188	53122315	53138318	53138406	-
chr19	ZNF83	53138318	53138406	53158813	53158940	-
chr19	ZNF415	53618462	53618560	53618956	53619177	-
chr19	ZNF415	53625656	53625865	53625914	53625996	-
chr19	ZNF525	53875467	53875549	53875594	53875649	+
chr19	ZNF331	54025870	54025938	54042469	54042536	+
chr19	VSTM1	54545422	54545450	54545480	54545623	-
chr19	VSTM1	54556152	54556228	54561559	54561844	-
chr19	LILRB3	54724954	54725251	54744706	54745003	-
chr19	LILRB3	54725699	54726002	54745451	54745754	-
chr19	LILRB3	54725779	54726002	54745451	54745754	-
chr19	LILRA2	55088931	55089190	55098476	55098527	+
chr19	LOC100287534	55320287	55320338	55324579	55324683	+
chr19	FCAR	55386785	55386821	55392291	55392368	+
chr19	FCAR	55396646	55396937	55399373	55399661	+
chr19	NLRP2	55489119	55489191	55492984	55493050	+
chr19	HSD11B1L	5684829	5684916	5684975	5685130	+
chr19	ZNF667	56955499	56955650	56960925	56961026	-
chr19	ZNF772	57987027	57987154	57988001	57988040	-
chr19	LOC100287534	62435	62486	66729	66834	+
chr1	PIK3CD	9751524	9751629	9770162	9770338	+
chr19	ZNF559	9443690	9443789	9448471	9448534	+
chr19	ZNF559	9443690	9443789	9448471	9448541	+
chr19	ZNF559	9443690	9443789	9448471	9448693	+
chr19	ZNF559	9443690	9443789	9449169	9449258	+
chr19	ZNF562	9768684	9768811	9770054	9770143	-
chr19	ZNF562	9768684	9768811	9771395	9771550	-
chr19_gl000209_random	KIR2DS2	136583	136877	140045	140096	+
chr20	SNAP25	10273529	10273647	10273808	10273926	+
chr20	FKBP1A	1356134	1356247	1373477	1373525	-
chr20	KIF16B	16316570	16316660	16336974	16337097	-
chr20	ZNF133	18278628	18278706	18285651	18285822	+
chr20	PLK1S1	21112737	21112800	21126205	21126295	+
chr20	NAPB	23375775	23375822	23377708	23377819	-
chr20	NAPB	23375775	23375822	23377708	23377825	-
chr20	VSX1	25053171	25053279	25058320	25058501	-
chr20	TTLL9	30513675	30513763	30513851	30513894	+
chr20	HCK	30642018	30642084	30657490	30657554	+
chr20	DNMT3B	31393143	31393213	31394014	31394133	+
chr20	UQCC	33971840	33971936	33974079	33974192	-
chr20	CPNE1	34220716	34220845	34243123	34243266	-
chr20	PHF20	34370249	34370531	34388015	34388095	+
chr20	EPB41L1	34700347	34700402	34761685	34761876	+
chr20	EPB41L1	34709581	34709738	34713344	34713449	+
chr20	DLGAP4	35127644	35127724	35127990	35128079	+
chr20	DSN1	35399275	35399596	35399827	35399876	-
chr20	TGM2	36784248	36784491	36789821	36790001	-
chr20	MAVS	3838281	3838456	3841978	3842151	+
chr20	CHD6	40179943	40179999	40192649	40192790	-
chr20	PIGT	44045156	44045294	44047491	44047619	+
chr20	PIGT	44045156	44045334	44047491	44047619	+
chr20	PIGT	44045156	44045334	44047934	44048035	+
chr20	PIGT	44047491	44047619	44047917	44048035	+
chr20	PIGT	44047491	44047619	44047934	44048035	+
chr20	UBE2C	44444028	44444179	44444179	44444384	+
chr20	CD40	44751764	44751858	44755278	44755340	+
chr20	ZNF334	45134945	45135097	45138243	45138390	-
chr20	ZNF334	45140720	45140779	45141178	45141205	-
chr20	ZMYND8	45841286	45841370	45848908	45848975	-
chr20	SLC9A8	48461572	48461656	48466115	48466217	+
chr20	UBE2V1	48700665	48700791	48713208	48713357	-
chr20	UBE2V1	48715418	48715501	48725509	48725648	-
chr20	UBE2V1	48715418	48715501	48727825	48728099	-
chr20	UBE2V1	48725509	48725648	48727825	48728099	-
chr20	BCAS1	52583444	52583612	52591927	52591969	-
chr20	AURKA	54963742	54963840	54965611	54965721	-
chr20	MCM8	5952652	5952683	5953221	5953372	+
chr20	TPD52L2	62500648	62500717	62500717	62500794	+
chr20	TPD52L2	62514071	62514173	62520542	62520591	+
chr20	PAK7	9765005	9765154	9799327	9799433	-
chr2	MAP4K4	102477286	102477448	102480282	102480513	+
chr2	BCL2L11	111881626	111881716	111887708	111887824	+
chr2	BCL2L11	111881626	111881716	111907620	111907724	+
chr2	BCL2L11	111907620	111907724	111911356	111911481	+
chr2	BCL2L11	111911356	111911481	111918995	111919127	+
chr2	IL37	113671368	113671431	113674705	113674825	+
chr2	IL1RN	113877642	113877705	113879024	113879195	+
chr2	LOC654433	113994089	113994190	113995666	113995789	+
chr2	STEAP3	119988195	119988610	119996938	119997006	+
chr2	DBI	120124978	120125039	120125134	120125220	+
chr2	DBI	120124978	120125039	120125139	120125220	+
chr2	DBI	120124978	120125104	120125134	120125220	+
chr2	DBI	120124978	120125104	120125139	120125220	+
chr2	CLASP1	122202514	122202538	122203024	122203072	-
chr2	TSN	122518984	122519100	122520580	122520660	+
chr2	BIN1	127809830	127809938	127815048	127815177	-
chr2	GPR17	128405632	128405861	128407585	128407650	+
chr21	MAP3K7CL	30481360	30481504	30505626	30505735	+
chr2	SMPD4	130925030	130925163	130932486	130932573	-
chr2	SMPD4	130930851	130930927	130931086	130931229	-
chr2	PLEKHB2	131884256	131884359	131890474	131890564	+
chr2	LOC150776	132254782	132254866	132256439	132256526	+
chr21	C21orf59	33979958	33980026	33982147	33982315	-
chr21	ITSN1	35247657	35247825	35254546	35254759	+
chr21	HLCS	38318308	38318454	38319632	38320587	-
chr21	DSCR9	38582305	38582415	38586396	38586454	+
chr21	DSCR9	38586396	38586454	38588705	38588794	+
chr21	DYRK1A	38782871	38782972	38787791	38787867	+
chr21	B3GALT5	41029711	41029820	41031679	41031839	+
chr21	BACE2	42622678	42622828	42629084	42629253	+
chr21	PDE9A	44106301	44106372	44108026	44108104	+
chr21	PDE9A	44108026	44108104	44119077	44119121	+
chr21	PDE9A	44108026	44108104	44152179	44152234	+
chr21	PDE9A	44119077	44119121	44151879	44152059	+
chr21	PDE9A	44119077	44119121	44152179	44152234	+
chr21	PDE9A	44144665	44144744	44151879	44152059	+
chr21	PDE9A	44151879	44152059	44152179	44152234	+
chr21	U2AF1	44520562	44520629	44521475	44521542	-
chr2	GTDC1	144728219	144728329	144764748	144765102	-
chr21	PRMT2	48078656	48078832	48083294	48083466	+
chr2	NEB	152353454	152353547	152359306	152359399	-
chr2	NEB	152389955	152390060	152390728	152390833	-
chr2	FMNL2	153499932	153500058	153501947	153502041	+
chr2	CCDC148	159201726	159201830	159214960	159215082	-
chr2	SCN3A	166020127	166020219	166020311	166020403	-
chr2	SCN2A	166165674	166165766	166165861	166165953	+
chr2	SCN9A	167160540	167160632	167160747	167160839	-
chr2	NOSTRIN	169668076	169668162	169681143	169681227	+
chr2	PHOSPHO2	170553870	170554041	170554402	170554492	+
chr2	METTL8	172271112	172271236	172289535	172289729	-
chr2	HAT1	172803227	172803303	172809398	172809519	+
chr2	ITGA6	173335701	173335833	173337501	173337618	+
chr2	PDK1	173427468	173427528	173428779	173428858	+
chr2	GPR155	175347600	175347646	175347737	175347886	-
chr2	CHN1	175711607	175711685	175742567	175742856	-
chr2	ATF2	176001139	176001214	176012673	176012708	-
chr2	TTN	179620948	179621524	179622268	179622643	-
chr2	SChLAP1	181589917	181590018	181688659	181688797	+
chr2	CERKL	182423292	182423435	182438479	182438611	-
chr2	CERKL	182430784	182430848	182438479	182438611	-
chr2	DNAJC10	183617275	183617350	183619429	183619532	+
chr2	DUSP19	183948235	183948282	183951767	183951920	+
chr2	PMS1	190660494	190660677	190670377	190670480	+
chr2	PMS1	190728468	190728700	190732524	190732655	+
chr2	MOB4	198388347	198388410	198400253	198400329	+
chr2	MOB4	198388347	198388410	198400253	198400354	+
chr2	PPIL3	201747064	201747158	201749984	201750090	-
chr2	CASP10	202068452	202068489	202072797	202072906	+
chr2	CASP8	202137620	202137665	202139611	202139676	+
chr2	MPP4	202525054	202525069	202528803	202528824	-
chr2	MPP4	202550641	202550773	202552013	202552094	-
chr2	ALS2CR8	203789019	203789138	203806582	203806703	+
chr2	ALS2CR8	203789019	203789138	203807462	203807690	+
chr2	ALS2CR8	203806582	203806703	203807462	203807690	+
chr2	ABI2	204259422	204259569	204260378	204260503	+
chr2	CD28	204591673	204591712	204594370	204594495	+
chr2	NDUFS1	207014541	207014649	207017142	207017234	-
chr2	PIKFYVE	209138744	209138777	209141435	209141554	+
chr2	C2orf43	20990014	20990158	21001051	21001225	-
chr2	C2orf43	20990014	20990158	21001069	21001225	-
chr2	RPE	210868161	210868192	210874380	210874460	+
chr2	ERBB4	212522478	212522553	212522674	212522719	-
chr2	IKZF2	213878514	213878658	213886716	213886854	-
chr2	IKZF2	213921556	213921823	213962600	213962684	-
chr2	IKZF2	213921634	213921823	213962600	213962684	-
chr2	BARD1	215645283	215646233	215657020	215657169	-
chr2	BARD1	215657020	215657169	215661784	215661841	-
chr2	FN1	216232585	216232750	216235016	216235155	-
chr2	LINC00607	216505953	216506542	216605599	216605744	-
chr22	BCL2L13	18165979	18166087	18185008	18185152	+
chr22	BCL2L13	18171751	18171908	18178906	18178976	+
chr22	BCL2L13	18171751	18171908	18185008	18185152	+
chr22	BCL2L13	18178906	18178976	18185008	18185152	+
chr22	BID	18226568	18226779	18232870	18232940	-
chr2	SLC11A1	219247682	219247825	219248965	219249088	+
chr22	TANGO2	20043465	20043536	20049052	20049206	+
chr22	TANGO2	20043465	20043536	20050860	20050965	+
chr2	ABCB6	220081373	220081554	220082391	220082529	-
chr2	FARSB	223509224	223509284	223511519	223511715	-
chr22	GUSBP11	24037359	24037704	24042912	24043032	-
chr22	RGL4	24040601	24040735	24040741	24040832	+
chr22	C22orf15	24106979	24107089	24107563	24107644	+
chr22	SEZ6L	26747017	26747209	26761337	26761532	+
chr22	SEZ6L	26761337	26761532	26771540	26771655	+
chr22	SEZ6L	26761337	26761532	26771543	26771655	+
chr2	MFF	228207460	228207535	228211941	228212100	+
chr2	MFF	228207460	228207535	228217229	228217289	+
chr2	MFF	228211941	228212100	228217229	228217289	+
chr22	CHEK2	29120873	29120911	29120964	29121112	-
chr22	CCDC117	29169712	29169766	29176935	29177160	+
chr22	EMID1	29650191	29650276	29651259	29651350	+
chr22	NF2	30032739	30032865	30035078	30035201	+
chr22	GATSL3	30684694	30684765	30688761	30688840	-
chr2	SP140	231110577	231110655	231112630	231112780	+
chr2	SP140	231118030	231118132	231120166	231120247	+
chr22	LARGE	34157357	34157545	34252727	34252790	-
chr22	GRAP2	40351822	40351914	40356058	40356178	+
chr22	GRAP2	40356058	40356178	40361993	40362162	+
chr22	TNRC6B	40660691	40663040	40666125	40666284	+
chr2	ANKMY1	241446976	241447108	241451277	241451418	-
chr2	SEPT2	242255836	242255970	242259617	242259702	+
chr2	STK25	242440892	242441123	242447420	242447550	-
chr2	ATG4B	242591298	242591389	242592721	242592784	+
chr22	EFCAB6	44161184	44161273	44178059	44178205	-
chr22	EFCAB6	44178059	44178205	44204874	44205011	-
chr22	TBC1D22A	47309229	47309342	47370185	47370295	+
chr2	NCOA1	24985555	24985645	24990947	24991004	+
chr22	CRELD2	50316881	50316965	50318007	50318103	+
chr22	MLC1	50518772	50518826	50521512	50521602	-
chr22	MLC1	50521512	50521600	50523154	50523390	-
chr22	MOV10L1	50599116	50599254	50599392	50599484	+
chr2	DTNB	25606704	25606758	25610157	25610247	-
chr2	DTNB	25818954	25819109	25830104	25830190	-
chr2	SLC35F6	26997118	26997191	26997911	26998083	+
chr2	ACP1	272036	272150	272191	272305	+
chr2	KHK	27317344	27317479	27317667	27317802	+
chr2	SNX17	27594135	27594335	27595489	27595607	+
chr2	SNX17	27595489	27595607	27595906	27595980	+
chr2	ZNF512	27822836	27822920	27823557	27823682	+
chr2	BRE	28532948	28533020	28550140	28550314	+
chr2	SLC30A6	32396355	32396442	32409341	32409407	+
chr2	COLEC11	3660900	3660972	3685122	3685194	+
chr2	VIT	37002144	37002210	37010482	37010545	+
chr2	EIF2AK2	37349648	37349807	37353431	37353554	-
chr2	THADA	43655238	43655370	43712372	43712464	-
chr2	PREPL	44559597	44559795	44565489	44565675	-
chr2	CCT4	62107420	62107529	62110593	62110683	-
chr2	RAB1A	65316072	65316204	65325104	65325200	-
chr2	ACTR2	65469105	65469197	65473318	65473441	+
chr2	ACTR2	65469182	65469197	65473318	65473441	+
chr2	ANXA4	70015185	70015273	70030524	70030647	+
chr2	SEMA4F	74884979	74885078	74889858	74889952	+
chr2	ELMOD3	85582198	85582293	85582677	85582839	+
chr2	THNSL2	88484846	88484998	88485069	88485243	+
chr2	MAL	95713703	95713871	95715325	95715451	+
chr2	LMAN2L	97378843	97378876	97399255	97399338	-
chr2	LIPT1	99771944	99772007	99772763	99772889	+
chr2	LIPT1	99773189	99773317	99774759	99774875	+
chr3	ABI3BP	100547236	100547296	100548424	100548508	-
chr3	SENP7	101117704	101117899	101136436	101136634	-
chr3	GHRLOS	10323822	10323918	10325204	10325287	+
chr3	ATG7	11421445	11421526	11468277	11468400	+
chr3	POPDC2	119366965	119367515	119373351	119373460	-
chr3	POPDC2	119366965	119367515	119384097	119384170	-
chr3	POPDC2	119373351	119373460	119385765	119385829	-
chr3	POPDC2	119378779	119378910	119384097	119384170	-
chr3	HCLS1	121355992	121356103	121361773	121361828	-
chr3	CD86	121810447	121810497	121822358	121822694	+
chr3	UMPS	124450352	124450451	124453939	124454093	+
chr3	IFT122	129210983	129211037	129214288	129214450	+
chr3	IFT122	129210983	129211037	129214351	129214450	+
chr3	ARMC8	137907296	137907372	137928658	137928735	+
chr3	FAIM	138329445	138329879	138338552	138338612	+
chr3	PIK3CB	138423284	138423335	138426000	138426131	-
chr3	AGTR1	148425730	148425814	148447966	148448024	+
chr3	CLRN1	150661606	150661778	150663315	150663466	-
chr3	MBNL1	152173330	152173366	152174055	152174150	+
chr3	MME	154859779	154859916	154860025	154860119	+
chr3	HACL1	15628031	15628109	15631046	15631119	-
chr3	HACL1	15631046	15631119	15633106	15633187	-
chr3	SLC2A2	170727746	170727871	170732257	170732520	-
chr3	TBL1XR1	176782707	176782810	176816253	176816329	-
chr3	PEX5L	179615929	179616034	179689381	179689453	-
chr3	PEX5L	179618457	179618523	179689381	179689453	-
chr3	FXR1	180651121	180651174	180652925	180653019	+
chr3	ATP11B	182623581	182623707	182626246	182626293	+
chr3	MCCC1	182790153	182790275	182804480	182804576	-
chr3	CLCN2	184064722	184064809	184069800	184069905	-
chr3	MAP3K13	185046861	185047037	185146284	185146734	+
chr3	FETUB	186358818	186358929	186360259	186360347	+
chr3	OPA1	193334966	193335074	193335572	193335626	+
chr3	ZDHHC19	195925146	195925322	195925322	195925461	-
chr3	DLG1	196802707	196802741	196803456	196803553	-
chr3	DLG1	196802707	196802741	196803456	196803556	-
chr3	DLG1	196803456	196803556	196807921	196807988	-
chr3	CNTN4	2140957	2141333	2142241	2142323	+
chr3	THRB	24338716	24338862	24359848	24359985	-
chr3	NGLY1	25777494	25777640	25777799	25777891	-
chr3	CNOT10	32806541	32806669	32811378	32811454	+
chr3	MLH1	37055922	37056035	37061800	37061954	+
chr3	MLH1	37058996	37059090	37061800	37061954	+
chr3	MLH1	37061800	37061954	37067127	37067498	+
chr3	MLH1	37081676	37081785	37090394	37090508	+
chr3	MLH1	37089009	37089174	37090007	37090100	+
chr3	MYD88	38181354	38181489	38181878	38182059	+
chr3	EXOG	38540416	38540480	38541171	38541238	+
chr3	EXOG	38540416	38540480	38541580	38541655	+
chr3	EXOG	38541171	38541238	38541580	38541655	+
chr3	SCN5A	38655233	38655325	38655465	38655557	-
chr3	ZNF621	40570809	40570936	40570985	40571066	+
chr3	ANO10	43414219	43414339	43474102	43474219	-
chr3	CCR3	46303755	46303834	46305877	46305937	+
chr3	CCR3	46303755	46303834	46305877	46305946	+
chr3	PTPN23	47437632	47437707	47446141	47446269	+
chr3	PFKFB4	48562997	48563102	48572944	48573091	-
chr3	IP6K2	48731891	48731958	48732126	48732257	-
chr3	ARIH2	48982568	48982614	48986498	48986529	+
chr3	AMT	49459414	49459482	49459536	49459690	-
chr3	AMT	49459414	49459482	49459536	49459704	-
chr3	DAG1	49514281	49514333	49526058	49526178	+
chr3	DAG1	49514281	49514333	49530255	49530406	+
chr3	DAG1	49514281	49514333	49530259	49530406	+
chr3	DAG1	49514281	49514338	49526058	49526178	+
chr3	DAG1	49514281	49514338	49530255	49530406	+
chr3	DAG1	49514281	49514338	49530259	49530406	+
chr3	DAG1	49524686	49524848	49526058	49526178	+
chr3	DAG1	49524686	49524848	49530255	49530406	+
chr3	DAG1	49524686	49524848	49530259	49530406	+
chr3	DAG1	49526058	49526178	49530255	49530406	+
chr3	DAG1	49526058	49526178	49530259	49530406	+
chr3	HYAL1	50338418	50338508	50339487	50340411	-
chr3	TEX264	51706225	51706317	51706356	51706408	+
chr3	TEX264	51708286	51708578	51718428	51718650	+
chr3	PCBP4	51995764	51996104	51996825	51996908	-
chr3	PCBP4	51995956	51996104	51996825	51996908	-
chr3	PBRM1	52588739	52588895	52592264	52592429	-
chr3	CACNA1D	53707049	53707153	53707739	53707843	+
chr3	CACNA1D	53796024	53796108	53796577	53796661	+
chr3	SLMAP	57850968	57851019	57857362	57857425	+
chr3	PTPRG-AS1	62280374	62280453	62302780	62302867	-
chr3	CADPS	62498425	62498443	62499312	62499381	-
chr3	SYNPR	63466507	63466632	63542218	63542417	+
chr3	FOXP1	71021161	71021331	71021705	71021827	-
chr3	LMCD1	8574422	8574511	8578870	8579126	+
chr3	SRGAP3	9069783	9069814	9074333	9074436	-
chr3	ARL13B	93714717	93714788	93754174	93754280	+
chr3	MTMR14	9731647	9731827	9739394	9739550	+
chr3	ARL6	97484834	97484933	97485475	97485534	+
chr3	OGG1	9796387	9796569	9798154	9798305	+
chr3	ST3GAL6	98492763	98492827	98503788	98503884	+
chr4	CXXC4	105411900	105413216	105415662	105415738	-
chr4	COL25A1	109740407	109740485	109740967	109741054	-
chr4	COL25A1	109862521	109862593	109863364	109863424	-
chr4	ANK2	114295919	114296102	114299245	114299337	+
chr4	CAMK2D	114424091	114424133	114429391	114429424	-
chr4	CAMK2D	114468799	114468872	114469812	114469885	-
chr4	MFSD8	128861007	128861152	128863199	128863313	-
chr4	C4orf29	128910875	128910976	128922870	128922915	+
chr4	MAEA	1309184	1309388	1316168	1316291	+
chr4	RAB28	13371494	13371589	13373418	13373491	-
chr4	NDUFC1	140217485	140217521	140218538	140218597	-
chr4	MGST2	140599696	140599796	140616350	140616421	+
chr4	GYPB	144918692	144918787	144920563	144920602	-
chr4	GYPB	144923723	144923847	144929544	144929602	-
chr4	GYPA	145039866	145039905	145040838	145040934	-
chr4	GYPA	145039866	145039905	145041642	145041741	-
chr4	GYPA	145040838	145040934	145041642	145041741	-
chr4	GYPA	145044024	145044142	145059313	145059396	-
chr4	GYPA	145044024	145044142	145059313	145059493	-
chr4	EDNRA	148406763	148407253	148441002	148441130	+
chr4	FBXW7	153333631	153333681	153456092	153456185	-
chr4	GRIA2	158282161	158282276	158282689	158282804	+
chr4	SPOCK3	167833770	167833894	167921499	167921614	-
chr4	SPOCK3	167921499	167921614	167983642	167983688	-
chr4	SPOCK3	167983792	167983801	168004388	168004397	-
chr4	SPOCK3	167983792	167983801	168040944	168041025	-
chr4	SPOCK3	168004388	168004397	168040944	168041025	-
chr4	SLBP	1705322	1705427	1713600	1713717	-
chr4	GALNT7	174218945	174219128	174219265	174219448	+
chr4	FGFR3	1804640	1804791	1805418	1805563	+
chr4	ACSL1	185691408	185691486	185691552	185691630	-
chr4	PDLIM3	186435423	186435491	186435856	186436044	-
chr4	SORBS2	186556508	186556565	186559232	186559316	-
chr4	SORBS2	186559232	186559316	186560030	186560189	-
chr4	SORBS2	186605907	186606000	186611715	186611765	-
chr4	PACRGL	20717729	20717871	20726430	20726511	+
chr4	KCNIP4	20884230	20884332	21764543	21764655	-
chr4	PPARGC1A	24093090	24093258	24259825	24259890	-
chr4	STIM2	27022622	27022690	27023115	27023234	+
chr4	FAM193A	2709872	2709995	2717048	2717220	+
chr4	TLR10	38777395	38777584	38777730	38778047	-
chr4	ATP8A1	42592827	42592901	42596305	42596379	-
chr4	GNPDA2	44720325	44720427	44724100	44724259	-
chr4	NMU	56471441	56471516	56473464	56473515	-
chr4	AASDH	57244313	57244630	57248642	57248763	-
chr4	AASDH	57248642	57248763	57250235	57250507	-
chr4	REST	57776795	57776816	57783928	57784034	+
chr4	REST	57776795	57777702	57783928	57784034	+
chr4	REST	57776795	57777702	57785952	57786036	+
chr4	REST	57785952	57786036	57797959	57798100	+
chr4	UGT2A1	70501408	70501540	70504616	70505246	-
chr4	MTHFD2L	75009109	75009184	75025771	75025805	+
chr4	ART3	77002976	77003688	77018796	77018829	+
chr4	ART3	77025749	77025782	77028913	77028946	+
chr4	NUP54	77057338	77057565	77065301	77065445	-
chr4	LOC100505702	79570754	79570863	79584071	79584126	+
chr4	LOC100505702	79570754	79570863	79584071	79584165	+
chr4	LOC100505702	79584071	79584165	79594496	79594568	+
chr4	LIN54	83867410	83867627	83891479	83891622	-
chr4	HPSE	84231874	84232043	84234266	84234440	-
chr4	MAPK10	87010358	87010430	87019676	87019748	-
chr4	MEPE	88760836	88760929	88761078	88761184	+
chr4	MEPE	88760836	88760929	88761078	88761206	+
chr4	SPP1	88901197	88901278	88901544	88901586	+
chr4	GAK	898424	898567	907394	907456	-
chr5	PAM	102309819	102310140	102323221	102323275	+
chr5	PAM	102360834	102361038	102363888	102363942	+
chr5	SRP19	112198204	112198280	112200153	112200225	+
chr5	REEP5	112222711	112222880	112238076	112238215	-
chr5	ATG12	115176193	115176309	115176514	115176631	-
chr5	SNCAIP	121758562	121759434	121761046	121761226	+
chr5	GRAMD3	125801985	125802028	125805368	125805480	+
chr5	ACSL6	131310450	131310528	131310585	131310642	-
chr5	ACSL6	131310450	131310528	131310585	131310663	-
chr5	P4HA2	131533898	131533964	131534013	131534073	-
chr5	TCF7	133480487	133480560	133480950	133481031	+
chr5	CDKL3	133644264	133644418	133647982	133648071	-
chr5	CDKL3	133647982	133648071	133655048	133655188	-
chr5	PHF15	133909334	133909452	133912457	133912586	+
chr5	H2AFY	134686512	134686603	134688635	134688735	-
chr5	TRPC7	135610360	135610525	135651284	135651467	-
chr5	CDC25C	137661503	137661593	137661709	137661743	-
chr5	NRG2	139244699	139244758	139245133	139245210	-
chr5	HARS	140057492	140057600	140062684	140062804	-
chr5	DIAPH1	140915621	140915630	140950994	140951003	-
chr5	FCHSD1	141021963	141022070	141022567	141022655	-
chr5	RNF14	141354368	141354520	141357867	141358395	+
chr5	LARS	145547690	145547828	145551472	145551553	-
chr5	PPP2R2B	146236061	146236146	146257564	146257758	-
chr5	PPP2R2B	146236061	146236146	146414731	146414803	-
chr5	PPP2R2B	146257564	146257758	146414731	146414803	-
chr5	HTR4	147863822	147863942	147870162	147870409	-
chr5	TNIP1	150413040	150413140	150413168	150413360	-
chr5	G3BP1	151171605	151171762	151173719	151173810	+
chr5	GRIA1	152873487	152873625	153026487	153026727	+
chr5	GRIA1	153174180	153174295	153175035	153175150	+
chr5	CNOT8	154242766	154242955	154244751	154244945	+
chr5	CNOT8	154244751	154244945	154250220	154250382	+
chr5	CCNJL	159696469	159696551	159703275	159703419	-
chr5	LOC728613	1630523	1630681	1632758	1632866	-
chr5	KCNIP1	170096502	170096664	170139857	170139890	+
chr5	FBXW11	171341346	171341409	171384600	171384702	-
chr5	NEURL1B	172096787	172097333	172110421	172111141	+
chr5	KIAA1191	175786483	175786570	175786813	175786921	-
chr5	PDLIM7	176918404	176918421	176918807	176918926	-
chr5	RMND5B	177562173	177562313	177565108	177565259	+
chr5	COL23A1	177715545	177715551	177717362	177717370	-
chr5	ZFP2	178343565	178343711	178353538	178353660	+
chr5	MAPK9	179674438	179674510	179674854	179674926	-
chr5	LINC00847	180258735	180258941	180259672	180259860	+
chr5	LINC00847	180258758	180258941	180259672	180259860	+
chr5	BTNL8	180329345	180329396	180335585	180335933	+
chr5	PMCHL1	22145156	22145273	22145713	22145790	+
chr5	PDCD6	304291	304336	311407	311517	+
chr5	GHR	42629139	42629205	42688991	42689121	+
chr5	SEPP1	42809861	42809890	42810792	42810880	-
chr5	ZNF131	43139266	43139411	43161350	43162033	+
chr5	ARL15	53467613	53467758	53603717	53603776	-
chr5	PPAP2A	54771126	54771278	54786787	54786942	-
chr5	DDX4	55063708	55063768	55075791	55075893	+
chr5	IL6ST	55259973	55260140	55265587	55265683	-
chr5	MIER3	56246454	56246479	56255212	56255347	-
chr5	ERBB2IP	65364704	65364848	65367996	65368119	+
chr5	RAD17	68666861	68666998	68667860	68668044	+
chr5	RAD17	68667280	68667384	68667860	68668044	+
chr5	RAD17	68667860	68668044	68669656	68669914	+
chr5	SMN2	69362760	69362961	69363120	69363273	+
chr5	SMN2	69363120	69363273	69365061	69365157	+
chr5	SMN2	69366467	69366578	69372347	69372401	+
chr5	SMN2	70238184	70238385	70238544	70238697	+
chr5	SMN2	70238544	70238697	70240484	70240580	+
chr5	SMN2	70241892	70242003	70247767	70247821	+
chr5	FAM169A	74109664	74109844	74130250	74130422	-
chr5	POLK	74886168	74886265	74889702	74889874	+
chr5	SCAMP1	77717624	77717784	77745756	77745857	+
chr5	SERINC5	79410336	79410474	79411960	79412146	-
chr5	ZFYVE16	79707464	79707592	79723310	79723364	+
chr5	DHFR	79929695	79929811	79933701	79933828	-
chr5	SSBP2	80785068	80785128	80809446	80809536	-
chr5	VCAN	82815167	82818128	82832825	82838087	+
chr5	RASA1	86564977	86565104	86626754	86626800	+
chr5	MEF2C	88056804	88056942	88057001	88057145	-
chr5	NR2F1-AS1	92774408	92774447	92880500	92880621	-
chr5	NR2F1-AS1	92831762	92831809	92880500	92880621	-
chr6	HLA-F-AS1	1013755	1014010	1015438	1015716	-
chr6	HLA-F-AS1	1014110	1014365	1015793	1016071	-
chr6	HLA-F-AS1	1014129	1014384	1015808	1016086	-
chr6	GRIK2	102511836	102511923	102513671	102513803	+
chr6	HLA-F-AS1	1051009	1051264	1052682	1052960	-
chr6	CD164	109691613	109691670	109697276	109697315	-
chr6	PPIL6	109724233	109724311	109726131	109726251	-
chr6	WASF1	110481837	110481935	110499800	110499945	-
chr6	WASF1	110498349	110498389	110499800	110499945	-
chr6	FYN	112020717	112020873	112021306	112021471	-
chr6	MOG	1156744	1156792	1156851	1156968	+
chr6	HLA-H	1188826	1188943	1305689	1305806	+
chr6	HLA-F-AS1	1229423	1229678	1231110	1231388	-
chr6	NKAIN2	124297998	124298043	124443022	124443086	+
chr6	RNF146	127601660	127601749	127603431	127603540	+
chr6	RNF146	127601660	127601749	127606352	127606493	+
chr6	RNF146	127603431	127603540	127606352	127606493	+
chr6	EPB41L2	131190702	131191266	131191467	131191521	-
chr6	ENPP3	131959590	131959716	131959750	131959894	+
chr6	VNN3	133047860	133048151	133049879	133050072	-
chr6	VNN3	133047860	133048151	133049879	133050118	-
chr6	EYA4	133846152	133846253	133846291	133846392	+
chr6	MYB	135515493	135515598	135516885	135517140	+
chr6	MYB	135517863	135518046	135518098	135518461	+
chr6	LOC153910	142865943	142866130	142917436	142917673	-
chr6	PLAGL1	144269121	144269597	144281605	144281679	-
chr6	PLAGL1	144269121	144269597	144281605	144281693	-
chr6	PLAGL1	144281605	144281679	144285923	144285955	-
chr6	PLAGL1	144285923	144285955	144287294	144287335	-
chr6	IYD	150716529	150716590	150716590	150716702	+
chr6	ESR1	151982834	151982902	151987524	151987583	+
chr6	ESR1	152023009	152023140	152128977	152129499	+
chr6	ESR1	152078614	152078728	152128977	152129499	+
chr6	ESR1	152163731	152163922	152382125	152382259	+
chr6	ESR1	152265307	152265643	152332790	152332929	+
chr6	ESR1	152332790	152332929	152382125	152382259	+
chr6	OPRM1	154360545	154360969	154410960	154411313	+
chr6	SOD2	160105885	160106065	160109157	160109274	-
chr6	AGPAT4	161587279	161587449	161653067	161653334	-
chr6	PARK2	161969885	161970035	161990386	161990448	-
chr6	PARK2	162475122	162475206	162622162	162622284	-
chr6	PARK2	162622162	162622284	162683556	162683797	-
chr6	PARK2	162992231	162992329	163092425	163092522	-
chr6	MPC1	166780456	166780675	166782220	166782453	-
chr6	MPC1	166780456	166780675	166783705	166783709	-
chr6	MPC1	166782220	166782453	166783705	166783709	-
chr6	WDR27	169858315	169858559	169972514	169972636	-
chr6	C6orf70	170176429	170176507	170176550	170176769	+
chr6	NRM	1949985	1950162	1950734	1950953	-
chr6	NRM	1949985	1950162	1950756	1950953	-
chr6	NRM	1950714	1950891	1951463	1951682	-
chr6	NRM	1950714	1950891	1951485	1951682	-
chr6	NRM	1968698	1968875	1969447	1969666	-
chr6	NRM	1968698	1968875	1969469	1969666	-
chr6	NRM	2005148	2005325	2005897	2006116	-
chr6	NRM	2005148	2005325	2005919	2006116	-
chr6	NRM	2038937	2039114	2039686	2039905	-
chr6	NRM	2038937	2039114	2039708	2039905	-
chr6	NRM	2169125	2169302	2169874	2170093	-
chr6	NRM	2169125	2169302	2169896	2170093	-
chr6	SLC17A1	25813058	25813220	25813322	25813441	-
chr6	HFE	26091068	26091332	26091541	26091817	+
chr6	BTN2A2	26385242	26385590	26388240	26388522	+
chr6	ZNF322	26643886	26643956	26658785	26658874	-
chr6	ZSCAN31	28297079	28297491	28300061	28300170	-
chr6	ZSCAN31	28297079	28297555	28300061	28300170	-
chr6	LST1	2840960	2841053	2841263	2841286	+
chr6	LST1	2849057	2849150	2849360	2849383	+
chr6	LST1	2870135	2870228	2870438	2870461	+
chr6	LST1	2886219	2886312	2886522	2886545	+
chr6	LST1	2898301	2898394	2898604	2898627	+
chr6	LY6G5C	2934588	2934760	2936407	2936699	-
chr6	LST1	2935120	2935213	2935423	2935446	+
chr6	LY6G5C	2942649	2942821	2944465	2944757	-
chr6	MOG	29637950	29637998	29638057	29638174	+
chr6	HLA-F-AS1	29713249	29713504	29714924	29715202	-
chr6	LY6G5C	2979811	2979983	2981628	2981920	-
chr6	LY6G5C	2991897	2992069	2993716	2994008	-
chr6	LY6G5C	3028686	3028858	3030506	3030798	-
chr6	LST1	3065033	3065126	3065336	3065359	+
chr6	NRM	30657052	30657229	30657801	30658020	-
chr6	NRM	30657052	30657229	30657823	30658020	-
chr6	LST1	31555417	31555510	31555720	31555743	+
chr6	LY6G5C	3158626	3158798	3160445	3160737	-
chr6	LY6G5C	31649006	31649178	31650826	31651118	-
chr6	C2	3187230	3187329	3189286	3189425	+
chr6	C2	31901643	31901742	31903699	31903838	+
chr6	C2	3195436	3195535	3197492	3197631	+
chr6	AGER	32149127	32149254	32149300	32149409	-
chr6	AGER	32149382	32149409	32150023	32150165	-
chr6	C2	3234353	3234452	3236409	3236548	+
chr6	C2	3244452	3244551	3246505	3246644	+
chr6	C2	3281487	3281586	3283543	3283682	+
chr6	HLA-DMB	32903118	32903154	32903312	32903429	-
chr6	AGER	3410147	3410274	3410320	3410429	-
chr6	AGER	3410402	3410429	3411043	3411185	-
chr6	C2	3411399	3411498	3413455	3413594	+
chr6	AGER	3463868	3463995	3464041	3464150	-
chr6	AGER	3464123	3464150	3464764	3464906	-
chr6	UHRF1BP1	34823393	34823480	34823480	34823647	+
chr6	AGER	3491951	3492078	3492124	3492233	-
chr6	AGER	3492206	3492233	3492847	3492989	-
chr6	AGER	3496855	3496982	3497028	3497137	-
chr6	AGER	3497110	3497137	3497751	3497893	-
chr6	TCP11	35103883	35103980	35107796	35108002	-
chr6	TCP11	35103883	35103995	35107796	35108002	-
chr6	AGER	3528954	3529081	3529127	3529236	-
chr6	AGER	3529209	3529236	3529850	3529992	-
chr6	MAPK14	36063763	36063843	36067964	36068044	+
chr6	AGER	3619808	3619935	3619981	3620090	-
chr6	AGER	3620063	3620090	3620704	3620846	-
chr6	ETV7	36343647	36343812	36353310	36353446	-
chr6	BTBD9	38370592	38370679	38472269	38472338	-
chr6	HLA-DMB	4135245	4135281	4135439	4135556	-
chr6	HLA-DMB	4184455	4184491	4184649	4184766	-
chr6	MED20	41877006	41877260	41884522	41884677	-
chr6	HLA-DMB	4190102	4190138	4190296	4190413	-
chr6	HLA-DMB	4239969	4240005	4240163	4240280	-
chr6	UBR2	42584977	42585076	42585146	42585245	+
chr6	HLA-DMB	4333872	4333908	4334066	4334183	-
chr6	HLA-DMB	4347642	4347678	4347836	4347953	-
chr6	HLA-DMB	4360329	4360365	4360523	4360640	-
chr6	VEGFA	43748468	43748540	43749692	43749789	+
chr6	VEGFA	43748468	43748540	43749692	43749824	+
chr6	SLC29A1	44189322	44189422	44193797	44193904	+
chr6	HMGCLL1	55428616	55428712	55441875	55441965	-
chr6	PHF3	64389900	64390062	64394029	64395812	+
chr6	LY86-AS1	6569650	6569722	6591388	6591712	-
chr6	RREB1	7240670	7240835	7246656	7247454	+
chr6	RIMS1	72975662	72975752	72993749	72993821	+
chr6	RIMS1	72984051	72984135	72993749	72993821	+
chr6	KCNQ5	73834208	73834235	73839515	73839572	+
chr6	SLC35A1	88216099	88216166	88218137	88218314	+
chr6	ORC3	88304259	88304331	88311501	88311599	+
chr6	ANKRD6	90327672	90327750	90331640	90331745	+
chr6	MOG	940907	940955	941014	941131	+
chr6	MOG	941136	941184	941243	941360	+
chr6	MOG	941266	941314	941373	941490	+
chr6	MOG	941300	941348	941407	941524	+
chr6	MOG	941471	941519	941578	941695	+
chr6	MOG	978503	978551	978610	978727	+
chr6	MRDS1	9850630	9850702	9897103	9897236	-
chr7	RABL5	100961404	100961494	100962236	100962313	-
chr7	CUX1	101559394	101559505	101671377	101671425	+
chr7	ORAI2	102076671	102076780	102079390	102079628	+
chr7	FBXL13	102462829	102462887	102473286	102473421	-
chr7	FBXL13	102473286	102473421	102495223	102495307	-
chr7	FBXL13	102687255	102687467	102695534	102695625	-
chr7	ARMC10	102732923	102733100	102737723	102737795	+
chr7	RELN	103113448	103113453	103118835	103118841	-
chr7	CDHR3	105624637	105624735	105641907	105642056	+
chr7	FOXP2	114178380	114178438	114210861	114210936	+
chr7	CADPS2	122120175	122120183	122120905	122120914	-
chr7	CALU	128394315	128394509	128394582	128394776	+
chr7	IRF5	128587076	128587110	128587331	128587589	+
chr7	DGKI	137374639	137374748	137528133	137528208	-
chr7	SLC37A3	140058439	140058585	140064207	140064291	-
chr7	TCRVB	142494045	142494098	142495152	142495186	+
chr7	TMEM139	142982437	142982538	142983033	142983295	+
chr7	FAM115C	143320854	143321491	143400073	143400710	+
chr7	ABCB8	150725887	150725998	150728327	150728378	+
chr7	ABCB8	150729930	150730148	150731359	150731515	+
chr7	GALNT11	151791274	151791607	151797882	151798006	+
chr7	ACTR3B	152480271	152480327	152497615	152497740	+
chr7	PTPRN2	158109510	158109624	158282426	158282477	-
chr7	FAM126A	23023562	23023664	23030679	23030758	-
chr7	TRA2A	23561739	23562051	23570799	23570889	-
chr7	TRA2A	23561750	23562051	23570799	23570889	-
chr7	FAM221A	23731801	23731872	23737810	23737918	+
chr7	CHN2	29535567	29535652	29539482	29539656	+
chr7	CHN2	29539482	29539656	29544359	29544437	+
chr7	CHN2	29544359	29544437	29548916	29549022	+
chr7	NOD1	30503224	30503314	30503601	30503677	-
chr7	NOD1	30503224	30503314	30515463	30515604	-
chr7	NOD1	30503601	30503677	30515463	30515604	-
chr7	GGCT	30537356	30537512	30538418	30538554	-
chr7	GGCT	30538418	30538554	30540151	30540297	-
chr7	ADCYAP1R1	31135280	31135364	31139740	31139824	+
chr7	ADCYAP1R1	31135280	31135364	31139743	31139824	+
chr7	BBS9	33390830	33390935	33392470	33392485	+
chr7	NPSR1-AS1	34800723	34800803	34807953	34808052	-
chr7	NPSR1	34818073	34818177	34851381	34851475	+
chr7	AMPH	38457424	38457550	38460511	38460616	-
chr7	COA1	43690091	43690311	43705256	43705321	-
chr7	COA1	43690210	43690311	43705256	43705321	-
chr7	DBNL	44089823	44089879	44092465	44092540	+
chr7	DBNL	44091428	44091541	44092465	44092540	+
chr7	DBNL	44092465	44092540	44096355	44096502	+
chr7	OGDH	44687042	44687133	44687255	44687358	+
chr7	H2AFV	44875127	44875257	44880497	44880611	-
chr7	H2AFV	44880497	44880611	44882875	44882953	-
chr7	CCM2	45077851	45078025	45103516	45103600	+
chr7	IKZF1	50367233	50367353	50459426	50459531	+
chr7	IKZF1	50367233	50367353	50459426	50459561	+
chr7	GRB10	50772836	50773020	50778571	50778687	-
chr7	GRB10	50772836	50773020	50799968	50800065	-
chr7	GRB10	50778571	50778687	50799968	50800065	-
chr7	SUMF2	56140689	56140804	56144526	56144582	+
chr7	SUMF2	56141866	56141911	56144526	56144582	+
chr7	ZNF138	64275949	64276031	64291317	64291454	+
chr7	ZNF138	64275953	64276031	64291317	64291454	+
chr7	ZNF138	64280597	64280701	64291317	64291454	+
chr7	DAGLB	6470110	6470238	6472467	6472590	-
chr7	DAGLB	6472467	6472590	6485583	6485735	-
chr7	DAGLB	6474392	6474651	6475992	6476164	-
chr7	ZNF92	64852814	64852941	64853718	64853814	+
chr7	CCT6P1	65217150	65217297	65219513	65219648	+
chr7	ELN	73455545	73455581	73456943	73457036	+
chr7	DTX2	76092861	76093026	76109737	76110094	+
chr7	PTPN12	77210743	77210820	77212871	77212967	+
chr7	GRM3	86415576	86416432	86468154	86469221	+
chr7	DMTF1	86794249	86794366	86795798	86795921	+
chr7	GTPBP10	89983771	89983863	89984399	89984544	+
chr7	CYP3A43	99447601	99447722	99453213	99453341	+
chr7	TRIM4	99514324	99514402	99515394	99515508	-
chr7	ZNF3	99674925	99675056	99677158	99677279	-
chr7	GATS	99809016	99809617	99810669	99810756	-
chr7	ZCWPW1	99999511	99999664	100000138	100000199	-
chr8	VPS13B	100519364	100519431	100519997	100520139	+
chr8	NCALD	102792151	102792207	102899368	102899455	-
chr8	RRM2B	103226281	103226386	103244458	103244532	-
chr8	RIMS2	104922361	104922429	104922548	104922757	+
chr8	RIMS2	105010412	105010478	105025669	105025849	+
chr8	CTSB	11718869	11718988	11721884	11721972	-
chr8	CTSB	11718914	11718988	11721884	11721972	-
chr8	MTSS1	125569921	125570116	125570953	125571073	-
chr8	WISP1	134225106	134225386	134237632	134237826	+
chr8	PTK2	141935759	141935848	141994176	141994254	-
chr8	EEF1D	144672777	144672908	144674816	144674830	-
chr8	PARP10	145059888	145060143	145060222	145060401	-
chr8	SLC7A2	17412068	17412208	17412454	17412591	+
chr8	NAT1	18068701	18068851	18069899	18070283	+
chr8	NAT1	18068701	18068851	18074385	18074503	+
chr8	NAT1	18069899	18070054	18074385	18074503	+
chr8	NAT1	18069899	18070283	18074385	18074503	+
chr8	CSGALNACT1	19442676	19442828	19448670	19448789	-
chr8	DMTN	21938128	21938136	21938315	21938381	+
chr8	SLC39A14	22267458	22267628	22269549	22269719	+
chr8	ADAM28	24178730	24178802	24178827	24178961	+
chr8	ADRA1A	26627797	26628183	26716548	26716722	-
chr8	SCARA5	27779087	27779762	27823930	27824059	-
chr8	ELP3	27954735	27954835	27957344	27957483	+
chr8	GSR	30546677	30546836	30550485	30550572	-
chr8	NRG1	32599525	32599593	32600192	32600251	+
chr8	NRG1	32600192	32600251	32607078	32607102	+
chr8	FGFR1	38286764	38286908	38287199	38287466	-
chr8	TACC1	38602412	38603011	38645074	38645261	+
chr8	TACC1	38677039	38678153	38682825	38682886	+
chr8	ADAM9	38940486	38940592	38947565	38947707	+
chr8	ADAM5	39182731	39182797	39203379	39203563	+
chr8	PLAT	42045423	42045534	42046451	42046589	-
chr8	IKBKB	42129600	42129723	42146151	42146246	+
chr8	KIAA0146	48206455	48206619	48308935	48309186	+
chr8	KIAA0146	48308935	48309186	48320422	48320523	+
chr8	YTHDF3	64085211	64085357	64086209	64086240	+
chr8	YTHDF3	64087889	64087975	64098705	64100303	+
chr8	ADHFE1	67352396	67352434	67355032	67355079	+
chr8	STAU2	74609542	74609677	74621266	74621397	-
chr8	UBE2W	74708025	74708149	74708841	74708925	-
chr8	SPAG11A	7718167	7718245	7719830	7719934	+
chr8	IL7	79648708	79648762	79650738	79650870	-
chr8	TPD52	80956401	80956443	80962679	80962706	-
chr8	CA1	86254977	86255054	86262039	86262114	-
chr8	CA1	86254977	86255054	86263959	86264013	-
chr8	CA1	86262039	86262114	86263959	86264013	-
chr8	RUNX1T1	93074773	93074937	93088192	93088365	-
chr8	RUNX1T1	93088192	93088365	93107255	93107399	-
chr8	TRIQK	93933730	93933888	93966633	93966792	-
chr8	ESRP1	95704904	95705055	95709079	95709189	+
chr8	NDUFAF6	96048598	96048722	96052933	96053155	+
chr8	LOC100616530	96313267	96313420	96356510	96356673	+
chr8	LOC100616530	96313267	96313420	96444853	96445008	+
chr8	LOC100616530	96313349	96313420	96356510	96356673	+
chr8	LOC100616530	96313349	96313420	96444853	96445008	+
chr8	LOC100616530	96356510	96356673	96444853	96445008	+
chr8	LOC100616530	96444853	96445008	96622891	96622930	+
chr8	LOC100616530	96444853	96445008	96812723	96812782	+
chr8	LOC100616530	96622891	96622925	96812723	96812782	+
chr9	NAMA	102121666	102121791	102128680	102128825	-
chr9	INVS	102894151	102894236	102977682	102977770	+
chr9	HSDL2	115171186	115171301	115181139	115181238	+
chr9	FKBP15	115969491	115969576	115973756	115973872	-
chr9	TNC	117810538	117810811	117815018	117815294	-
chr9	GSN	124044152	124044231	124044716	124044828	+
chr9	GSN	124044152	124044231	124045596	124045670	+
chr9	GSN	124044152	124044231	124062333	124062404	+
chr9	GSN	124044152	124044231	124062342	124062404	+
chr9	GSN	124044716	124044828	124045596	124045670	+
chr9	GSN	124044716	124044828	124062333	124062404	+
chr9	GSN	124044716	124044828	124062342	124062404	+
chr9	GSN	124045596	124045670	124062333	124062404	+
chr9	GSN	124045596	124045670	124062342	124062404	+
chr9	GGTA1P	124214421	124214559	124217932	124218119	-
chr9	DENND1A	126531792	126531842	126554865	126554909	-
chr9	MAPKAP1	128246721	128246862	128268588	128268696	-
chr9	CIZ1	130950141	130950213	130952607	130952723	-
chr9	DNM1	130986529	130986668	130988313	130988452	+
chr9	PHYHD1	131698861	131698924	131700035	131700057	+
chr9	PPP2R4	131885330	131885417	131891263	131891389	+
chr9	ASB6	132400851	132400938	132401480	132401589	-
chr9	ASS1	133325658	133325720	133326988	133327430	+
chr9	POMT1	134379575	134379727	134381500	134381607	+
chr9	POMT1	134382754	134382901	134384297	134384409	+
chr9	RAPGEF1	134479347	134479440	134480317	134480575	-
chr9	RAPGEF1	134479347	134479440	134494437	134494593	-
chr9	RAPGEF1	134479347	134479440	134494437	134494596	-
chr9	RAPGEF1	134480317	134480575	134494437	134494593	-
chr9	RAPGEF1	134480317	134480575	134494437	134494596	-
chr9	TSC1	135800973	135801126	135802587	135802691	-
chr9	COL5A1	137721821	137721890	137721953	137722022	+
chr9	MRPS2	138393914	138394112	138394981	138395124	+
chr9	KCNT1	138642787	138642887	138644224	138644303	+
chr9	SEC16A	139339503	139339563	139340096	139340171	-
chr9	LCN10	139635287	139635395	139635703	139635813	-
chr9	LCN10	139635287	139635466	139635703	139635813	-
chr9	NSMF	140349509	140349515	140349690	140349759	-
chr9	NSMF	140349509	140349515	140349690	140349783	-
chr9	NSMF	140349509	140349515	140350080	140350086	-
chr9	NSMF	140349690	140349759	140350080	140350086	-
chr9	NSMF	140349690	140349783	140350080	140350086	-
chr9	BNC2	16421259	16421293	16435031	16435097	-
chr9	BNC2	16429297	16429997	16435031	16435097	-
chr9	BNC2	16665062	16665173	16685542	16685626	-
chr9	BNC2	16665062	16665173	16700839	16700919	-
chr9	BNC2	16727794	16727995	16832241	16832348	-
chr9	BNC2	16738357	16738483	16867946	16868167	-
chr9	MTAP	21859301	21859424	21931006	21931115	+
chr9	CDKN2B-AS1	22056250	22056386	22097256	22097363	+
chr9	CDKN2B-AS1	22113664	22113798	22118642	22118766	+
chr9	NDUFB6	32558907	32558952	32570957	32571050	-
chr9	AQP7	33386966	33387090	33394124	33394275	-
chr9	AQP7	33386966	33387090	33395075	33395193	-
chr9	UBAP1	34196333	34196456	34203378	34203533	+
chr9	UBAP1	34196333	34196456	34216671	34216787	+
chr9	UBAP1	34203378	34203533	34216671	34216787	+
chr9	UBAP1	34220905	34220946	34234213	34234338	+
chr9	TPM2	35684728	35684804	35685060	35685136	-
chr9	CLTA	36209263	36209317	36210621	36210657	+
chr9	MELK	36581640	36581736	36589532	36589649	+
chr9	MELK	36589532	36589649	36594624	36594768	+
chr9	PAX5	36846839	36846926	36882000	36882102	-
chr9	PAX5	36846839	36846926	36923351	36923481	-
chr9	PAX5	36846839	36846926	36966545	36966721	-
chr9	PAX5	36882000	36882102	36923351	36923481	-
chr9	PAX5	36923351	36923481	36930884	36930941	-
chr9	PAX5	37002644	37002773	37006469	37006534	-
chr9	PAX5	37006469	37006534	37014993	37015191	-
chr9	PAX5	37006469	37006534	37020632	37020798	-
chr9	PAX5	37014993	37015191	37020632	37020798	-
chr9	TRMT10B	37763625	37763750	37768072	37768225	+
chr9	TRMT10B	37763625	37763750	37768083	37768225	+
chr9	GLIS3	4125733	4125941	4286037	4286523	-
chr9	SPATA6L	4626425	4626555	4627752	4627856	-
chr9	KIAA1432	5748584	5748714	5753199	5753238	+
chr9	IL33	6251139	6251265	6252865	6252991	+
chr9	KDM4C	6805598	6805774	6814630	6814745	+
chr9	CBWD6	69231417	69231558	69234829	69234952	-
chr9	CBWD3	70458892	70459032	70461497	70461714	-
chr9	CBWD3	70884515	70884638	70887907	70888047	-
chr9	PRUNE2	79253101	79253204	79256705	79256896	-
chr9	PTPRD	8526626	8526644	8527344	8527353	-
chr9	ERCC6L2	98690360	98690432	98690432	98690559	+
chrX	BTK	100609617	100609682	100611039	100611256	-
chrX	MORF4L2	102933426	102933528	102939608	102939657	-
chrX	MORF4L2	102933426	102933548	102939608	102939657	-
chrX	MORF4L2	102933426	102933579	102939608	102939657	-
chrX	MID1	10469446	10469599	10491131	10491227	-
chrX	PAK3	110388087	110388150	110389748	110389793	+
chrX	ALG13	110925359	110925463	110925463	110925522	+
chrX	PLS3	114845114	114845233	114848464	114848846	+
chrX	FAM45B	120877030	120877179	120879852	120879964	+
chrX	GRIA3	122599524	122599639	122613913	122614028	+
chrX	AIFM1	129289130	129289261	129290434	129290577	-
chrX	FAM122C	133981412	133981505	133986829	133986926	+
chrX	CSF2RA	1369383	1369519	1372815	1372912	+
chrX	ATP11C	138813809	138813914	138819889	138819955	-
chrX	CSF2RA	1419383	1419519	1422815	1422912	+
chrX	GLRA2	14592454	14592522	14592613	14592681	+
chrX	GLRA2	14592494	14592522	14592613	14592681	+
chrX	LINC00894	149110401	149110547	149111868	149111980	+
chrX	MTM1	149767055	149767150	149783061	149783172	+
chrX	ASMTL	1504586	1504651	1507989	1508037	-
chrX	ZNF185	152091263	152091353	152097118	152097205	+
chrX	ASMTL	1554586	1554651	1557989	1558037	-
chrX	AP1S2	15846314	15846323	15858619	15858714	-
chrX	GPR64	19055584	19055608	19055706	19055754	-
chrX	KDM6A	44919266	44919401	44919853	44920009	+
chrX	PORCN	48371222	48371240	48372514	48372529	+
chrX	TBC1D25	48403256	48403411	48417284	48417412	+
chrX	HDAC8	71787738	71787880	71788603	71788734	-
chrX	BRWD3	79991486	79991587	79999530	79999752	-
chrX	BRWD3	80001067	80001228	80047352	80047451	-
chrX	BRWD3	80001644	80001679	80002319	80002378	-
chrX	SH3BGRL	80457935	80458075	80492616	80492779	+
chrX	HDX	83730258	83730405	83743031	83743140	-
chrX	DACH2	85439236	85439354	85631826	85631865	+
chrX	FAM9B	8998162	8998247	8998301	8998401	-
chrX	PCDH11X	91542965	91543001	91642733	91642932	+
chrY	UTY	15447442	15447680	15466665	15466713	-
chrY	UTY	15447442	15447680	15467254	15467278	-
chrY	UTY	15447442	15448215	15466665	15466713	-
chrY	UTY	15447442	15448215	15526614	15526673	-
chrY	UTY	15466665	15466713	15466882	15467278	-
chrY	UTY	15466665	15466713	15467254	15467278	-
chrY	UTY	15470343	15470401	15470967	15471043	-
chrY	UTY	15470343	15470401	15470967	15471102	-
chrY	UTY	15470343	15470433	15470967	15471043	-
chrY	UTY	15470343	15470433	15470967	15471102	-
chrY	UTY	15470343	15470499	15470967	15471043	-
chrY	UTY	15470343	15470499	15470967	15471102	-
chrY	UTY	15472309	15472360	15478146	15478273	-
chrY	UTY	15472309	15472408	15478146	15478273	-
chrY	UTY	15511817	15511931	15515662	15515768	-
chrY	UTY	15560896	15560946	15582000	15582109	-
chrY	KDM5D	21901413	21901548	21903203	21903374	-
chrY	DAZ2	25397291	25397363	25402064	25402136	+
chrY	DAZ2	25402064	25402136	25411853	25411925	+
chrY	DAZ2	25419006	25419078	25421390	25421462	+
chrY	ZFY	2821949	2822038	2829114	2829687	+
chrY	PCDH11Y	4870728	4870799	4899946	4900052	+
chrY	TBL1Y	6846253	6846284	6863844	6863939	+
