chr10	SEC31B	102265117	102265958	-
chr10	SEMA4G	102743061	102745373	+
chr10	C10orf32	104622629	104624718	+
chr10	COL17A1	105791045	105792048	-
chr10	SFR1	105882722	105883882	+
chr10	SORCS1	108338420	108339232	-
chr10	XPNPEP1	111635285	111637625	-
chr10	CELF2	11370888	11374605	+
chr10	PNLIPRP2	118383456	118383610	+
chr10	SLC18A2	119013558	119014008	+
chr10	TIAL1	121336122	121336715	-
chr10	WDR11	122665387	122666367	+
chr10	C10orf137	127451869	127452712	+
chr10	FANK1	127677119	127684067	+
chr10	MCM10	13251090	13253104	+
chr10	BEND7	13483087	13489316	-
chr10	ZNF511	135125219	135126666	+
chr10	LOC619207	135272990	135273674	+
chr10	NMT2	15175051	15175362	-
chr10	SPAG6	22634373	22634747	+
chr10	ENKUR	25270907	25273305	-
chr10	ACBD5	27529247	27529808	-
chr10	ZNF438	31137459	31139296	-
chr10	PFKP	3158967	3161061	+
chr10	PITRM1	3212295	3212398	-
chr10	ZNF248	38117692	38122044	-
chr10	ZNF248	38145223	38146564	-
chr10	CXCL12	44872509	44874171	-
chr10	RASSF4	45465612	45467296	+
chr10	ZWINT	58117198	58118220	-
chr10	ZWINT	58119447	58120144	-
chr10	CDK1	62545421	62547988	+
chr10	EGR2	64575620	64576126	-
chr10	DNAJB12	74092587	74095689	-
chr10	TTC18	75053020	75056931	-
chr10	NDST2	75562431	75562839	-
chr10	NDST2	75567141	75568487	-
chr10	SAMD8	76935823	76941881	+
chr10	ZNF503-AS1	77118267	77118807	+
chr10	GATA3-AS1	8092412	8093541	-
chr10	NOC3L	96116930	96117972	-
chr10	CYP2C8	96826964	96827448	-
chr10	ZNF518A	97915953	97923517	+
chr10	LCOR	98714709	98724198	+
chr10	RRP12	99130679	99131923	-
chr1	SLC30A7	101440365	101447311	+
chr1	C1orf159	1019294	1019763	-
chr1	AMY2B	104095895	104097731	+
chr1	DFFA	10520602	10523266	-
chr1	PSRC1	109823398	109823873	-
chr1	ATXN7L2	110031468	110032750	+
chr1	CSF1	110465787	110466812	+
chr11	CASP1	104896236	104897083	-
chr1	KCNC4	110774842	110776674	+
chr11	BCO2	112064196	112064717	+
chr11	HTR3A	113857239	113857768	+
chr11	AMICA1	118067449	118068806	-
chr11	PHLDB1	118514789	118515409	+
chr11	TREH	118528941	118529150	-
chr11	SLC37A4	118898337	118898582	-
chr11	HMBS	118962834	118963521	+
chr11	PDZD3	119056800	119057399	+
chr11	PDZD3	119058648	119059260	+
chr11	TMEM136	120200685	120204388	+
chr11	SCN3B	123524454	123525315	-
chr11	ROBO3	124747414	124748027	+
chr11	EI24	125452241	125452315	+
chr11	ACRV1	125547691	125548192	-
chr11	ARHGAP32	128842347	128844897	-
chr1	MOV10	113238769	113239156	+
chr1	PPM1J	113255365	113255653	-
chr11	THYN1	134122733	134123260	-
chr11	ACAD8	134129501	134131073	+
chr11	B3GAT1	134257441	134257834	-
chr1	MAGI3	114224833	114228545	+
chr1	TNFRSF4	1148371	1149165	-
chr11	CALCA	14989219	14990543	-
chr11	SAA1	18287807	18287990	+
chr11	LDHAL6A	18477373	18478353	+
chr11	SYT8	1857115	1857514	+
chr11	H19	2016405	2017228	-
chr11	BET1L	202923	205667	-
chr11	IGF2-AS	2167474	2169896	+
chr11	INS	2182014	2182439	-
chr1	SCNN1D	1222887	1223216	+
chr11	TSSC4	2423840	2425106	+
chr11	PSMD13	244040	244216	+
chr1	CPSF3L	1255835	1256473	-
chr1	DVL1	1274961	1275192	-
chr11	BDNF	27676441	27681196	-
chr11	CDKN1C	2905899	2906995	-
chr11	PAX6	31822238	31823324	-
chr1	CCNL2	1326145	1328183	-
chr11	QSER1	32953288	32956981	+
chr11	CSTF3	33162976	33163532	-
chr11	CD59	33743924	33744273	-
chr11	LOC650368	3427728	3428927	+
chr11	RRM1	4127275	4127453	+
chr11	ANO9	431693	431906	-
chr1	LINC00623	144300511	144301536	-
chr1	NBPF9	144615095	144615303	+
chr1	PDE4DIP	144890590	144892589	-
chr11	GYLTL1B	45944371	45944718	+
chr11	GYLTL1B	45947589	45947898	+
chr11	PHF21A	45991365	45992918	-
chr11	DGKZ	46400006	46400661	+
chr11	MDK	46403260	46403683	+
chr11	AMBRA1	46563494	46564948	-
chr1	FMO5	146696486	146697230	-
chr11	C11orf49	47182677	47183798	+
chr11	ACP2	47269191	47269684	-
chr11	PTPMT1	47586981	47587538	+
chr11	NDUFS3	47602076	47602536	+
chr1	NBPF14	148346581	148346929	-
chr1	LINC00623	149615764	149616786	-
chr1	MTMR11	149900542	149901209	-
chr1	MTMR11	149902256	149902857	-
chr1	APH1A	150237798	150239056	-
chr1	MRPS21	150266268	150266869	+
chr1	MCL1	150551318	150552214	-
chr1	LCE1C	152777310	152777974	-
chr1	SPRR3	152975477	152976332	+
chr11	HRAS	532241	532755	-
chr1	CHTOP	153609047	153610924	+
chr1	INTS3	153744815	153745187	+
chr1	HAX1	154245811	154246437	+
chr1	TDRD10	154519884	154520623	+
chr1	FLAD1	154955769	154956542	+
chr1	FLAD1	154965188	154965587	+
chr1	ZBTB7B	154975105	154975419	+
chr1	MUC1	155161973	155162684	-
chr1	RUSC1	155294892	155295281	+
chr1	MSTO1	155579960	155580351	+
chr1	MSTO1	155581479	155581891	+
chr1	GON4L	155785595	155786053	-
chr1	KIAA0907	155882835	155885755	-
chr1	LMNA	156107444	156108548	+
chr1	LMNA	156108870	156109880	+
chr1	SLC25A44	156169625	156170263	+
chr1	PAQR6	156215572	156216041	-
chr11	TRIM6	5624475	5624965	+
chr1	TMEM79	156254974	156255774	+
chr1	RHBG	156347780	156348190	+
chr1	RHBG	156351858	156352660	+
chr1	RHBG	156354317	156354392	+
chr11	RASSF7	563188	564025	+
chr1	APOA1BP	156561892	156562267	+
chr11	TRIM5	5684424	5686912	-
chr1	MMP23B	1568359	1568734	+
chr1	PEAR1	156877706	156878132	+
chr1	MMP23B	1569126	1569478	+
chr11	APLNR	57001051	57004927	-
chr11	ZDHHC5	57457502	57457909	+
chr1	IGSF9	159899680	159900229	-
chr1	SLAMF6	160458877	160460026	-
chr1	TSTD1	161007421	161007865	-
chr1	ARHGAP30	161016731	161019124	-
chr1	ARHGAP30	161022075	161022333	-
chr1	ARHGAP30	161022415	161023175	-
chr1	DEDD	161093927	161094316	-
chr11	TMEM138	61131723	61131990	+
chr1	B4GALT3	161143394	161143839	-
chr1	NDUFS2	161183653	161184184	+
chr11	IRF7	613784	614037	-
chr11	IRF7	615096	615647	-
chr1	FCRLA	161680997	161682008	+
chr11	BEST1	61722578	61723423	+
chr11	UBXN1	62443971	62444477	-
chr11	NXF1	62566010	62567958	-
chr11	SNHG1	62621272	62621536	-
chr11	CCKBR	6291875	6293357	+
chr11	CCKBR	6292240	6293357	+
chr11	SLC22A25	62933515	62935532	-
chr1	MMP23A	1632345	1632697	+
chr1	CDK11A	1635988	1636464	-
chr11	OTUB1	63764001	63764413	+
chr11	DNAJC4	64001365	64001753	+
chr11	BAD	64051653	64052176	-
chr11	KCNK4	64064349	64064751	+
chr11	APBB1	6422803	6422918	-
chr11	APBB1	6424876	6425288	-
chr11	SLC22A12	64358281	64359430	+
chr11	SLC22A12	64360876	64361275	+
chr11	NRXN2	64490442	64490660	-
chr11	SF1	64532075	64533627	-
chr11	MEN1	64578285	64578766	-
chr11	HPX	6458275	6458407	-
chr1	CDK11B	1647784	1647917	-
chr11	ARFIP2	6500369	6501298	-
chr11	DNHD1	6518814	6520191	+
chr11	KCNK7	65360325	65360854	-
chr11	KCNK7	65360325	65361345	-
chr11	SIPA1	65413926	65414536	+
chr11	RELA	65421066	65422471	-
chr11	RELA	65429157	65429559	-
chr11	KAT5	65479472	65479916	+
chr11	MUS81	65632190	65632616	+
chr11	EFEMP2	65633911	65634550	-
chr11	TSGA10IP	65713114	65713293	+
chr11	SART1	65733546	65734027	+
chr11	BRMS1	66107591	66107684	-
chr11	BBS1	66299126	66301084	+
chr11	ACTN3	66328043	66328226	+
chr11	ANKRD13D	67057548	67057917	+
chr11	SSH3	67074308	67074584	+
chr11	CARNS1	67183646	67185148	+
chr11	PITPNM1	67263648	67264907	-
chr11	CDK2AP2	67275062	67275658	-
chr11	ALDH3B1	67788953	67789339	+
chr11	ALDH3B1	67795216	67796743	+
chr11	TCIRG1	67810412	67810964	+
chr1	MST1P2	16973281	16973607	+
chr11	ANO1	70033843	70035652	+
chr1	VAMP4	171669295	171673674	-
chr11	NUMA1	71718234	71719891	-
chr1	METTL13	171750760	171751260	+
chr11	LRTOMT	71805993	71807938	+
chr11	ARAP1	72423482	72424288	-
chr1	CROCC	17270594	17272101	+
chr1	CROCC	17294697	17295835	+
chr1	GAS5	173835665	173835934	-
chr1	WASH7P	17232	17742	-
chr1	ANGPTL1	178834088	178834937	-
chr1	ABL2	179068461	179078576	-
chr11	PIDD	800761	801120	-
chr1	QSOX1	180165396	180167169	+
chr11	PIDD	801444	802090	-
chr11	PIDD	802681	803647	-
chr1	WASH7P	17605	18061	-
chr11	PNPLA2	823693	824130	+
chr1	NPL	182775279	182775666	+
chr1	DHX9	182852273	182852503	+
chr1	SHCBP1L	182908310	182908688	-
chr11	EFCAB4A	830249	830713	+
chr11	EFCAB4A	830865	831295	+
chr11	EED	85988959	85989785	+
chr1	PRG4	186275449	186278272	+
chr11	NAALAD2	89891312	89892505	+
chr1	ALDH4A1	19197923	19199451	-
chr11	TMEM41B	9302200	9305140	-
chr11	TAF1D	93463842	93464382	-
chr11	ANKRD49	94229769	94232744	+
chr11	JRKL	96123157	96126727	+
chr1	PQLC2	19638739	19639383	+
chr1	CRB1	197390129	197391086	+
chr1	IGFN1	201175210	201182749	+
chr1	TNNT2	201337289	201337355	-
chr1	TNNT2	201341154	201341283	-
chr1	LMOD1	201868365	201869879	-
chr1	CHI3L1	203148058	203149005	-
chr1	ZC3H11A	203770702	203772144	+
chr1	LINC00303	204006096	204006716	-
chr1	PIK3C2B	204415083	204415272	-
chr1	CNTN2	205027308	205027791	+
chr1	TMCC2	205240247	205242471	+
chr1	CDK18	205492274	205492753	+
chr1	CDK18	205498648	205499477	+
chr1	RAB7L1	205743960	205744610	-
chr1	SLC26A9	205882176	205884532	-
chr1	FCAMR	207143431	207143970	-
chr1	CD55	207497903	207498095	+
chr12	CLEC12A	10131564	10132123	+
chr12	MYBPC1	102061509	102061677	+
chr12	CLEC7A	10269375	10271189	-
chr12	RAD52	1038984	1039310	-
chr12	SART3	108931263	108931979	-
chr12	PRH1-PRR4	11034815	11035297	-
chr12	ATP2A2	110784005	110788897	+
chr12	PRH2	11083260	11087444	+
chr12	RAD9B	110968329	110969891	+
chr12	TCTN1	111082771	111082934	+
chr12	PPP1CC	111157612	111158970	-
chr12	TPCN1	113725967	113726652	+
chr12	RBM19	114259858	114261126	-
chr12	PRB4	11461154	11461816	-
chr12	HNF1A	121437070	121437430	+
chr12	ANAPC5	121764898	121766300	-
chr12	KDM2B	121866899	121868272	-
chr12	ZCCHC8	122967825	122968110	-
chr12	CCDC62	123310968	123311927	+
chr12	OGFOD2	123460357	123461314	+
chr12	OGFOD2	123461417	123463116	+
chr12	OGFOD2	123462871	123463116	+
chr12	ARL6IP4	123467015	123467460	+
chr12	DNAH10	124414210	124415120	+
chr12	MANSC1	12496025	12496348	-
chr12	AACS	125609250	125609570	+
chr12	LINC00939	126446287	126447629	-
chr12	LINC00939	126450745	126451888	-
chr1	ATF3	212788359	212788603	+
chr1	VASH2	213124680	213125160	+
chr12	EP400NL	132588541	132589849	+
chr12	P2RX2	133198060	133198972	+
chr12	P2RX2	133198204	133198972	+
chr12	H2AFJ	14927269	14930936	+
chr12	PTPRO	15747870	15751265	+
chr12	PLCZ1	18854434	18854710	-
chr12	AEBP2	19671020	19675173	+
chr12	RECQL	21654103	21654603	-
chr12	LRMP	25232331	25232697	+
chr1	LEFTY2	226127455	226127702	-
chr1	ADCK3	227171461	227171936	+
chr1	GUK1	228333211	228333768	+
chr12	TULP3	3048476	3050306	+
chr1	AGT	230845740	230846599	-
chr12	DDX11	31241977	31243028	+
chr12	DDX11	31242336	31243028	+
chr1	SPRTN	231487049	231490769	+
chr1	PCNXL2	233119881	233122286	-
chr1	GALE	24124606	24125220	-
chr1	IL22RA1	24446260	24448227	-
chr12	NELL2	45269597	45270247	-
chr1	STPG1	24687340	24687531	-
chr12	PFKM	48516429	48516642	+
chr12	PFKM	48528725	48529166	+
chr1	TNFRSF14	2489781	2491417	+
chr1	ZNF692	249149756	249150145	-
chr12	ADCY6	49164548	49165756	-
chr12	ADCY6	49167251	49167881	-
chr12	WNT10B	49361728	49362102	-
chr12	TROAP	49723927	49725190	+
chr12	MCRS1	49959859	49960624	-
chr12	NCKAP5L	50184928	50186371	-
chr12	BCDIN3D-AS1	50232204	50234937	+
chr12	TMPRSS12	51279028	51281663	+
chr12	SLC11A2	51373565	51375586	-
chr12	DAZAP2	51634654	51634900	+
chr12	BIN2	51695803	51696564	-
chr12	ANKRD33	52284367	52285505	+
chr12	KRT80	52574296	52574747	-
chr12	KRT72	52979372	52979956	-
chr12	KRT1	53068519	53069401	-
chr12	TENC1	53456872	53457041	+
chr12	MAP3K12	53880730	53881212	-
chr12	TESPA1	55367260	55367516	-
chr12	DGKA	56333198	56334217	+
chr12	RPL41	56510373	56510583	+
chr12	SMARCC2	56558086	56558515	-
chr12	RNF41	56604080	56604352	-
chr12	PAN2	56716398	56716993	-
chr12	BAZ2A	57008797	57009391	-
chr12	ARHGAP9	57870372	57870746	-
chr12	DDIT3	57911051	57911536	-
chr12	PIP4K2C	57995308	57997211	+
chr12	SLC26A10	58019364	58019934	+
chr12	CYP27B1	58158160	58158709	-
chr12	CYP27B1	58158793	58159282	-
chr12	AVIL	58201113	58201510	-
chr1	STMN1	26227981	26228173	-
chr12	TAPBPL	6566571	6566910	+
chr12	VAMP1	6571403	6574107	-
chr1	UBXN11	26608772	26609060	-
chr1	UBXN11	26610852	26612032	-
chr12	CHD4	6692192	6692544	-
chr12	PIANP	6802956	6804817	-
chr12	LAG3	6886956	6887621	+
chr12	GNB3	6950421	6950788	+
chr12	PTPN6	7060771	7061340	+
chr12	PHB2	7076838	7077184	-
chr12	EMG1	7079943	7080253	+
chr1	PIGV	27120603	27121725	+
chr12	ZFC3H1	72050123	72051081	-
chr12	CD163	7639954	7640683	-
chr12	NAP1L1	76438671	76442244	-
chr1	THEMIS2	28208481	28209554	+
chr12	LINC00937	8542865	8543565	-
chr1	ATPIF1	28562871	28564616	+
chr12	LOC100288778	87871	88392	+
chr1	SNHG12	28906044	28906493	-
chr1	SNHG12	28906044	28907158	-
chr12	PHC1	9085158	9085946	+
chr12	KLRG1	9162021	9163340	+
chr12	C12orf74	93100246	93102325	+
chr12	PZP	9354914	9355280	-
chr12	CCDC41	94806093	94806367	-
chr12	CDK17	96672038	96674663	-
chr12	SLC25A3	98987402	98987913	+
chr12	SLC25A3	98987752	98989626	+
chr13	ARGLU1	107209395	107212005	-
chr13	CARKD	111286891	111287123	+
chr13	PCID2	113831852	113832601	-
chr13	GRTP1	113979376	113980406	-
chr13	CDC16	115007595	115008823	+
chr13	CDC16	115037658	115038150	+
chr1	SDC3	31349398	31351587	-
chr13	ZMYM5	20425494	20426330	-
chr13	ZMYM2	20567202	20568059	+
chr13	IFT88	21141808	21142136	+
chr13	IFT88	21175843	21176072	+
chr1	BAI2	32200783	32201266	-
chr13	AMER2	25742671	25745857	-
chr1	IQCC	32671754	32672362	+
chr1	LCK	32740337	32740684	+
chr13	SLC46A3	29274217	29275718	-
chr13	TEX26-AS1	31505382	31506745	-
chr1	FNDC5	33327868	33330398	-
chr13	TRPC4	38210772	38211762	-
chr13	SLC25A15	41373192	41373451	+
chr13	TRIM13	50571142	50571899	+
chr13	INTS6	52026550	52027275	-
chr13	DHRS12	52342128	52343429	-
chr13	ATP7B	52548070	52549304	-
chr13	NEK3	52718050	52718122	-
chr1	NCDN	36023392	36023824	+
chr1	TP73-AS1	3652547	3656951	-
chr1	MAP7D1	36641799	36642182	+
chr1	SH3D21	36786656	36787379	+
chr1	CSF3R	36931643	36932428	-
chr1	CDCA8	38158072	38158456	+
chr13	MBNL2	97999057	97999321	+
chr13	DOCK9	99508151	99512776	-
chr1	MYCL1	40366610	40367687	-
chr1	COL9A2	40777730	40778151	-
chr1	ZFP69B	40922616	40923111	+
chr14	DYNC1H1	102482192	102482826	+
chr14	ASPG	104558969	104559939	+
chr14	C14orf180	105054610	105055118	+
chr14	AKT1	105258934	105259938	-
chr14	CDCA4	105475909	105478272	-
chr14	BRF1	105677458	105678501	-
chr14	CRIP2	105939274	105939849	+
chr14	FLJ00385	106230840	106232334	-
chr14	FLJ00382	106304647	106307026	-
chr14	TEP1	20833825	20836718	-
chr14	METTL17	21464685	21465194	+
chr14	ARHGEF40	21549031	21550278	+
chr14	TOX4	21955609	21957009	+
chr14	METTL3	21971315	21971720	-
chr14	MRPL52	23299091	23299319	+
chr14	C14orf93	23456109	23456843	-
chr14	C14orf93	23467635	23468365	-
chr14	EFS	23828525	23829248	-
chr14	NGDN	23946711	23947402	+
chr14	THTPA	24025197	24026243	+
chr14	AP1G2	24035024	24035369	-
chr14	DHRS4-AS1	24422982	24423392	-
chr14	LRRC16B	24531917	24532392	+
chr14	CPNE6	24543259	24543574	+
chr14	PCK2	24567411	24567887	+
chr14	PSME1	24607682	24608176	+
chr14	REC8	24641233	24641817	+
chr14	IPO4	24657549	24657844	-
chr14	TSSK4	24675714	24676715	+
chr14	GMPR2	24702102	24702546	+
chr14	RABGGTA	24740318	24740833	-
chr14	ADCY4	24803699	24804277	-
chr14	NFATC4	24838358	24839800	+
chr14	NFATC4	24842900	24843672	+
chr14	NFATC4	24845499	24848810	+
chr14	COCH	31343740	31344178	+
chr1	CLDN19	43198763	43201701	-
chr1	LEPRE1	43212005	43213083	-
chr1	ZNF691	43314961	43315413	+
chr14	SLC25A21	37147125	37149924	-
chr1	MED8	43849578	43850777	-
chr1	SLC6A9	44466438	44466727	-
chr14	PRPF39	45565305	45566208	+
chr1	DMAP1	44679124	44679530	+
chr14	STYX	53196882	53197249	+
chr1	UROD	45478807	45479026	+
chr14	GCH1	55308723	55310861	-
chr14	LGALS3	55609301	55609467	+
chr14	OTX2	57276876	57277194	-
chr1	AKR1A1	46016454	46016827	+
chr14	WDR89	64108016	64108641	-
chr1	MAST2	46497849	46498076	+
chr14	PLEKHG3	65198078	65198524	+
chr14	PLEKHG3	65203570	65204093	+
chr1	POMGNT1	46654352	46655029	-
chr1	RAD54L	46713366	46714080	+
chr14	FAM71D	67674918	67675166	+
chr14	ZFP36L1	69254371	69257209	-
chr14	GALNT16	69818747	69821190	+
chr14	SLC39A9	69925079	69929107	+
chr14	COQ6	74424849	74425781	+
chr14	NEK9	75572652	75573405	-
chr14	GPATCH2L	76639888	76643033	+
chr1	STIL	47765576	47765824	-
chr14	VIPAS39	77923437	77923983	-
chr1	SRSF10	44808	48107	-
chr14	STON2	81726993	81737216	-
chr1	SLC5A9	48694521	48695131	+
chr1	SLC5A9	48697216	48697823	+
chr14	ZC3H14	89038373	89038569	+
chr14	SERPINA9	94935549	94936194	-
chr14	SNHG10	95999248	96001209	-
chr14	TCL6	96134462	96135954	+
chr15	SNURF-SNRPN	25349005	25351441	+
chr15	SNURF-SNRPN	25354144	25354550	+
chr15	SNURF-SNRPN	25448698	25449447	+
chr15	GOLGA8G	28626600	28627895	+
chr15	GOLGA8G	28774031	28775326	+
chr15	GREM1	33022890	33026870	+
chr1	ECHDC2	53370705	53372283	-
chr15	GOLGA8B	34825046	34826374	-
chr15	C15orf41	37100524	37102449	+
chr15	PAK6	40568127	40569688	+
chr15	C15orf52	40630948	40631820	-
chr15	CHAC1	41247570	41248717	+
chr15	MAPKBP1	42104713	42105299	+
chr15	MAPKBP1	42107456	42107997	+
chr15	MAPKBP1	42111443	42111848	+
chr15	PLA2G4B	42138140	42138580	+
chr15	CCNDBP1	43478017	43478431	+
chr1	DIO1	54359860	54360220	+
chr1	HSPB11	54387233	54389620	-
chr15	STRC	43907630	43908888	-
chr15	SERF2	44085907	44088287	+
chr15	B2M	45007620	45007899	+
chr15	C15orf48	45722726	45723030	+
chr15	TRPM7	50867920	50868116	-
chr15	CCPG1	55647420	55653142	-
chr15	CCPG1	55651736	55653142	-
chr15	TLN2	63045971	63047892	+
chr15	NOX5	69320554	69324152	+
chr15	PML	74326818	74328735	+
chr15	CCDC33	74627315	74628482	+
chr15	CLK3	74912349	74914557	+
chr15	CYP1A1	75014613	75015464	-
chr15	CSK	75074424	75075061	+
chr15	CSK	75092752	75093087	+
chr15	LMAN1L	75111492	75112440	+
chr15	ULK3	75132574	75132982	-
chr15	ULK3	75134415	75134761	-
chr15	LOC80154	82767618	82769081	-
chr15	LOC80154	82970796	82972259	-
chr15	LOC80154	83144202	83145665	-
chr15	CPEB1	83240093	83240573	-
chr15	ZSCAN2	85163832	85165945	+
chr15	WDR73	85188701	85189579	-
chr15	AGBL1	86805855	86806125	+
chr15	DET1	89073853	89074946	-
chr15	AEN	89173288	89175512	+
chr15	ACAN	89398082	89402648	+
chr15	FANCI	89824995	89826481	+
chr15	NGRN	90808894	90809630	+
chr15	SYNM	99645285	99646214	+
chr15	SYNM	99669571	99675800	+
chr16	RHBDF1	114696	115037	-
chr16	BCAR4	11922178	11922689	-
chr16	TPSB2	1279190	1279457	-
chr16	NPRL3	138696	138888	-
chr16	KIAA0430	15728613	15730199	-
chr16	CRAMP1L	1705877	1706993	+
chr16	SPSB3	1828134	1828613	-
chr16	NOMO2	18511181	18511825	-
chr16	NPRL3	188148	188697	-
chr16	ITPRIPL2	19125253	19132952	+
chr16	NDUFB10	2011497	2011976	+
chr16	TBL3	2024056	2024293	+
chr16	ACSM2A	20482394	20482538	+
chr16	LOC100271836	21466663	21467193	-
chr16	DKFZp779K0112	21898904	21899434	-
chr16	SMG1P1	22494351	22494881	+
chr16	MLST8	2256358	2256660	+
chr16	DNASE1L2	2287376	2287650	+
chr16	EARS2	23533333	23535775	-
chr16	TNRC6A	24816334	24817054	+
chr16	C16orf59	2510283	2510694	+
chr16	C16orf59	2512415	2512733	+
chr16	C16orf59	2514039	2514964	+
chr16	AMDHD2	2578452	2578719	+
chr1	RNF207	6269327	6269599	+
chr16	KDM8	27221413	27221942	+
chr16	TCEB2	2821414	2822103	-
chr16	PRSS33	2833953	2835172	-
chr16	EIF3C	28414838	28415165	-
chr16	CLN3	28493425	28493703	-
chr16	CLN3	28493647	28493993	-
chr16	CLN3	28502802	28503156	-
chr16	APOBR	28506419	28509317	+
chr16	SULT1A1	28620028	28620649	-
chr16	EIF3C	28722781	28723108	-
chr16	ATXN2L	28847253	28848558	+
chr16	SPNS1	28986095	28986713	+
chr16	LAT	28997860	28998035	+
chr16	PRRT2	29824310	29827202	+
chr16	PRRT2	29825653	29827202	+
chr16	TAOK2	29997585	29999726	+
chr16	GDPD3	30123978	30124385	-
chr16	MAPK3	30127956	30128324	-
chr16	CORO1A	30198136	30198544	+
chr16	LINC00514	3041378	3044510	+
chr16	PRR14	30664041	30664424	+
chr16	HCFC1R1	3073847	3074287	-
chr16	C16orf93	30770332	30770568	-
chr16	C16orf93	30771604	30771989	-
chr16	STX4	31045546	31045857	+
chr16	BCKDK	31123189	31124112	+
chr16	KAT8	31142066	31142714	+
chr16	IL32	3117377	3117614	+
chr16	IL32	3118990	3119668	+
chr16	ITGAD	31418835	31419237	+
chr16	ARMC5	31473451	31474238	+
chr16	TP53TG3B	32684848	32686386	-
chr16	TP53TG3	33206646	33208179	-
chr16	TP53TG3B	33263181	33264719	-
chr16	PDIA2	334386	334792	+
chr16	NLRC3	3602195	3602280	-
chr16	ZNF500	4800814	4803059	-
chr16	GLYR1	4853203	4855311	-
chr16	ADCY7	50321822	50322261	+
chr1	ESPN	6508700	6509151	+
chr1	PLEKHG5	6527884	6528646	-
chr1	PLEKHG5	6534510	6535198	-
chr16	MT1E	56660377	56661024	+
chr16	SETD6	58549694	58550001	+
chr16	SOLH	602300	602771	+
chr16	CMTM4	66648652	66656125	-
chr16	C16orf70	67166348	67166814	+
chr16	EXOC3L1	67218588	67218960	-
chr16	LRRC29	67241041	67241676	-
chr16	SLC9A5	67289295	67289833	+
chr16	PLEKHG4	67311412	67314709	+
chr16	KCTD19	67335693	67337240	-
chr16	RLTPR	67681954	67682217	+
chr16	TSNAXIP1	67859569	67859979	+
chr16	TSNAXIP1	67859569	67860185	+
chr16	CENPT	67863667	67864451	-
chr16	CENPT	67863667	67865261	-
chr16	CENPT	67866130	67866448	-
chr16	FUK	70500784	70501374	+
chr16	COG4	70542308	70543291	-
chr16	WDR90	705772	706537	+
chr16	RHOT2	718487	718699	+
chr16	RHOT2	720891	721203	+
chr16	PMFBP1	72152995	72153988	-
chr16	LOC283922	74385937	74386276	-
chr16	GLG1	74481325	74487232	-
chr1	MIER1	67450254	67454302	+
chr16	CFDP1	75446432	75446652	-
chr16	TMEM231	75589701	75590184	-
chr16	CNTNAP4	76311175	76311644	+
chr16	CCDC78	774321	774806	-
chr16	CCDC78	774910	775293	-
chr16	CCDC78	775077	775293	-
chr16	HAGHL	778315	778604	+
chr16	HAGHL	778793	779715	+
chr16	HAGHL	779008	779715	+
chr16	MAF	79627744	79634622	-
chr16	MSLN	818378	818865	+
chr16	CHTF18	838930	839360	+
chr16	HSDL1	84163590	84164036	-
chr16	TAF1C	84214933	84215269	-
chr16	TAF1C	84215351	84215664	-
chr16	LINC00917	86370966	86372267	-
chr16	JPH3	87730185	87731761	+
chr16	KLHDC4	87788799	87790083	-
chr1	DEPDC1	68955134	68955291	-
chr16	RPL13	89627985	89628159	+
chr16	SPATA2L	89762764	89764713	-
chr16	ZNF276	89789544	89790117	+
chr16	GAS8	90102788	90103807	+
chr17	ZSWIM7	15879874	15881477	-
chr17	MIR22HG	1614797	1617308	-
chr17	C17orf76-AS1	16342300	16342728	+
chr17	FLJ00050	16832834	16833722	-
chr17	SREBF1	17720861	17721230	-
chr17	DRG2	18002946	18003749	+
chr17	FBXW10	18653034	18653450	+
chr17	B9D1	19246482	19247170	-
chr17	SLC47A1	19459108	19459375	+
chr17	ALDH3A1	19645857	19646776	-
chr17	ULK2	19674142	19679720	-
chr17	METTL16	2319347	2323890	-
chr17	CLUH	2597193	2597570	-
chr17	POLDIP2	26684313	26684603	-
chr17	SLC13A2	26817324	26817608	+
chr17	SLC13A2	26820588	26821123	+
chr17	UNC119	26873724	26874867	-
chr17	KIAA0100	26966592	26967043	-
chr17	ANKRD13B	27940371	27941779	+
chr17	SUZ12P1	29095851	29096082	+
chr17	NF1	29556042	29556992	+
chr17	PSMD11	30807506	30810337	+
chr17	NLE1	33468997	33469322	-
chr17	SLFN13	33771633	33772712	-
chr17	MMP28	34100184	34100408	-
chr17	C17orf66	34190505	34191306	-
chr17	TRPV1	3494257	3494647	-
chr17	CTNS	3563529	3566397	+
chr17	STARD3	37814225	37814775	+
chr17	CSF3	38171613	38172098	+
chr17	NR1D1	38251696	38252340	-
chr17	ATP2A3	3827162	3828735	-
chr17	KRT15	39673059	39673417	-
chr17	KRT42P	39783041	39784014	-
chr17	JUP	39910858	39912147	-
chr17	NT5C3B	39992110	39992523	-
chr17	CNP	40120085	40120758	+
chr17	NKIRAS2	40174416	40174658	+
chr17	COASY	40714091	40715340	+
chr17	RAMP2-AS1	40912443	40912729	-
chr17	BECN1	40970804	40971627	-
chr17	TMEM106A	41365039	41365271	+
chr17	LINC00910	41458640	41459028	-
chr17	NAGS	42083896	42084862	+
chr17	TMUB2	42266302	42266956	+
chr17	TMUB2	42266389	42266956	+
chr17	C17orf104	42742485	42742856	+
chr17	DBF4B	42827962	42829636	+
chr17	GFAP	42987034	42988026	-
chr17	KIF18B	43002078	43003867	-
chr17	ACBD4	43213013	43213599	+
chr17	MAP3K14	43363797	43364411	-
chr17	MYBBP1A	4442190	4443262	-
chr17	GOSR2	45015964	45018733	+
chr17	PELP1	4574985	4576440	-
chr17	SCRN2	45915046	45915816	-
chr17	CDK5RAP3	46051765	46052703	+
chr17	CDK5RAP3	46052879	46053379	+
chr17	CDK5RAP3	46058802	46059152	+
chr17	NFE2L1	46127968	46128990	+
chr1	FPGT	74670074	74674148	+
chr17	TTLL6	46881252	46882353	-
chr17	PLD2	4721296	4721680	+
chr17	MINK1	4792941	4794030	+
chr17	RNF167	4847852	4848517	+
chr17	ENO3	4859236	4859438	+
chr17	EPN3	48613781	48614479	+
chr17	SPATA20	48626170	48626547	+
chr17	SPATA20	48627345	48627673	+
chr17	SPAG7	4862520	4863211	-
chr17	CACNA1G	48703377	48704832	+
chr17	LUC7L3	48827861	48830072	+
chr17	SLC52A1	4936773	4938008	-
chr17	ZNF232	5012220	5013163	-
chr17	NLRP1	5487006	5487832	-
chr17	SRSF1	56078279	56083334	-
chr17	BZRAP1-AS1	56414562	56415040	+
chr17	SEPT4	56598103	56598521	-
chr17	SEPT4	56599096	56599462	-
chr17	SEPT4	56603580	56604339	-
chr17	TUBD1	57968191	57968402	-
chr17	ACE	61574158	61575741	+
chr17	KCNH6	61613029	61613429	+
chr17	DCAF7	61660862	61661073	+
chr17	DCAF7	61666361	61671642	+
chr17	PSMC5	61905497	61906923	+
chr17	CSH2	61949371	61950101	-
chr17	GH2	61957571	61958296	-
chr17	CSHL1	61987779	61988284	-
chr17	DDX5	62500794	62500960	-
chr17	AMZ2P1	62968871	62969635	-
chr17	AMZ2	66244144	66244846	+
chr17	ACADVL	7123149	7123516	+
chr17	ELP5	7155550	7155915	+
chr17	GPS2	7217806	7218438	-
chr17	PLSCR3	7296919	7297478	-
chr17	KCTD2	73043278	73043684	+
chr17	GGA3	73237695	73238554	-
chr17	KIAA0195	73494524	73494803	+
chr17	CHRNB1	7350361	7350969	+
chr17	MYO15B	73586987	73587327	+
chr17	MYO15B	73616546	73617256	+
chr17	RECQL5	73645793	73647345	-
chr17	SPHK1	74381531	74382218	+
chr17	RHBDF2	74474887	74475359	-
chr17	RHBDF2	74475163	74475936	-
chr17	TNFSF13	7461608	7462614	+
chr17	TNFSF13	7464040	7464925	+
chr17	SRSF2	74730196	74732546	-
chr17	MFSD11	74733582	74734530	+
chr17	MPDU1	7490216	7490589	+
chr17	SEC14L1	75209999	75213181	+
chr17	TP53	7579699	7579940	-
chr17	WRAP53	7591666	7592397	+
chr17	TMC6	76121806	76122447	-
chr17	CANT1	76993073	76994045	-
chr17	GAA	78075354	78075689	+
chr17	RNF213	78362411	78363167	+
chr17	BAIAP2	79089569	79091232	+
chr17	ENTHD2	79210779	79211259	-
chr17	ALOX15B	7945686	7946202	+
chr17	ACTG1	79476996	79477859	-
chr17	GCGR	79769279	79769686	+
chr17	GCGR	79770682	79770933	+
chr17	FAM195B	79780292	79781187	-
chr17	GPS1	80009762	80010335	+
chr17	HEXDC	80398872	80399142	+
chr17	NARF	80441591	80442826	+
chr17	PFAS	8159584	8159966	+
chr17	PFAS	8171850	8173809	+
chr17	RANGRF	8192575	8193409	+
chr17	RANGRF	8192820	8193409	+
chr17	PIK3R6	8725163	8725253	-
chr17	USP43	9604435	9605017	+
chr18	CEP192	13057583	13059311	+
chr18	THOC1	225088	225403	-
chr18	C18orf21	33552587	33552870	+
chr18	RPL17	47017901	47018203	-
chr18	CXXC1	47812118	47812627	-
chr18	C18orf54	51884287	51885240	+
chr18	SERPINB11	61379798	61379927	+
chr1	ZNHIT6	86173311	86174116	-
chr18	ENOSF1	670323	674406	-
chr18	LAMA1	7042143	7043404	-
chr18	ZNF516	74090809	74092259	-
chr1	SAMD11	879077	879533	+
chr1	PLEKHN1	906065	906386	+
chr19	MRPL4	10362639	10362986	+
chr19	ICAM4	10398211	10399260	+
chr19	RAVER1	10426888	10428449	-
chr19	ICAM3	10445741	10446652	-
chr19	KRI1	10670034	10670384	-
chr19	HMHA1	1080253	1080546	+
chr19	TMEM205	11456195	11456981	-
chr19	LPPR2	11471892	11473365	+
chr19	EPOR	11493522	11493908	-
chr19	ATP5D	1244313	1244824	+
chr19	GCDH	13002300	13002788	+
chr19	TRMT1	13216080	13216420	-
chr19	STX10	13254871	13255485	-
chr19	NDUFS7	1388523	1388937	+
chr19	APC2	1456851	1458059	+
chr19	PCSK4	1483648	1483940	-
chr19	PCSK4	1486851	1487312	-
chr19	AKAP8L	15514285	15514526	-
chr19	CYP4F3	15757861	15758134	+
chr19	CYP4F2	16003118	16003392	-
chr19	CYP4F11	16045020	16045676	-
chr19	TCF3	1609288	1611848	-
chr19	TCF3	1615283	1615820	-
chr19	HSH2D	16263361	16264018	+
chr19	HSH2D	16268019	16269377	+
chr19	USHBP1	17373360	17374959	-
chr19	ANKLE1	17393464	17393811	+
chr19	GTPBP3	17449762	17450075	+
chr19	PDE4C	18331212	18331988	-
chr19	ISYNA1	18547139	18547915	-
chr19	C19orf60	18699804	18700493	+
chr19	ABHD17A	1876974	1877686	-
chr19	SUGP2	19105174	19106089	-
chr19	SUGP2	19135427	19137035	-
chr19	ATP13A1	19760549	19762606	-
chr19	MKNK2	2043122	2043196	-
chr19	ZNF714	21299612	21307883	+
chr19	SPPL2B	2340074	2340170	+
chr19	C19orf12	30189792	30193884	-
chr19	TLE2	3019280	3019771	-
chr19	CELF5	3293316	3297073	+
chr19	SLC7A9	33350746	33351556	-
chr19	ZNF181	35230052	35230526	+
chr19	HPN	35532625	35533426	+
chr1	HES4	935071	935552	-
chr19	FXYD3	35613668	35613858	+
chr19	FXYD5	35645671	35646514	+
chr19	HMG20B	3573689	3574584	+
chr1	MTF2	93575786	93575985	+
chr19	TBXA2R	3594503	3595931	-
chr19	DMKN	35990859	35991482	-
chr19	SBSN	36017545	36019253	-
chr19	TMEM147	36036501	36036859	+
chr19	ATP4A	36045823	36046236	-
chr19	ETV2	36133335	36133600	+
chr19	U2AF1L4	36234970	36235322	-
chr19	ARHGAP33	36278069	36279724	+
chr19	KIRREL2	36357058	36358048	+
chr19	RAX2	3769088	3770957	-
chr19	ZNF383	37726450	37726976	+
chr19	RASGRP4	38899697	38900736	-
chr19	NFKBIB	39398038	39399534	+
chr19	MRPS12	39421593	39421983	+
chr19	GMFG	39818998	39819713	-
chr19	RPS16	39924161	39924401	-
chr19	DLL3	39998469	39999121	+
chr1	FNBP1L	94016503	94020218	+
chr19	DYRK1B	40317311	40317627	-
chr19	PRX	40899670	40904723	-
chr19	SHKBP1	41083136	41083347	+
chr19	LTBP4	41123005	41123130	+
chr19	TMEM91	41888676	41889987	+
chr19	BCKDHA	41916541	41916914	+
chr19	DMRTC2	42354379	42354768	+
chr19	ARHGEF1	42396095	42396444	+
chr19	ATP1A3	42470733	42471492	-
chr19	CD177	43865294	43865480	+
chr19	ZNF226	44669740	44669960	+
chr19	ZNF226	44677012	44681838	+
chr19	BCAM	45322838	45324079	+
chr19	TOMM40	45394476	45394946	+
chr19	APOC1P1	45430059	45430290	+
chr19	ERCC2	45873390	45873845	-
chr19	PPP5C	46857004	46857246	+
chr19	PPP5C	46890622	46891705	+
chr19	PRKD2	47219387	47220384	-
chr19	NAPA	47990890	47991646	-
chr19	CARD8	48735709	48737800	-
chr19	UHRF1	4954661	4954833	+
chr19	TRPM4	49691897	49692348	+
chr19	CD37	49838970	49840290	+
chr19	PRRG2	50086463	50086974	+
chr19	CPT1C	50208263	50208555	+
chr19	AP2A1	50303224	50303407	+
chr19	PNKP	50367435	50367660	-
chr19	KLK3	51361284	51361571	+
chr19	KLK5	51456002	51456344	-
chr19	KLK11	51526347	51527566	-
chr19	KLK12	51532347	51532713	-
chr19	SIGLEC10	51919151	51919611	-
chr19	ZNF83	53115617	53118050	-
chr19	ZNF761	53952764	53952892	+
chr19	OSCAR	54597932	54599418	-
chr19	PRPF31	54632431	54632560	+
chr19	PRPF31	54632431	54632745	+
chr19	CNOT3	54647395	54647870	+
chr19	RPS9	54710143	54711515	+
chr19	LILRB1	55147007	55148103	+
chr19	KIR2DS4	55350882	55351154	+
chr19	NLRP2	55481366	55481663	+
chr19	EPS8L1	55593459	55593717	+
chr19	EPS8L1	55594745	55595012	+
chr19	HSPBP1	55791402	55791751	-
chr19	FAM71E2	55872060	55872273	-
chr19	RPL28	55899297	55903451	+
chr19	HSD11B1L	5684829	5685130	+
chr19	ZNF582-AS1	56905044	56905810	+
chr19	ZNF582-AS1	56909645	56910539	+
chr19	ZNF667-AS1	57005531	57006805	+
chr19	SMIM17	57166470	57168614	+
chr19	ZNF274	58718086	58718568	+
chr19	A1BG-AS1	58865079	58866549	+
chr19	ZNF446	58991009	58991386	+
chr19	CRB3	6466476	6467230	+
chr19	DENND1C	6471275	6471507	-
chr19	DENND1C	6475494	6475762	-
chr19	SH2D3A	6754062	6754436	-
chr19	MCOLN1	7592405	7592846	+
chr19	CD209	7812191	7812464	-
chr19	CLEC4M	7830523	7831093	+
chr19	CLEC4M	7830523	7831693	+
chr19	MAP2K7	7974947	7975258	+
chr19	LPPR3	814433	814749	-
chr19	HNRNPM	8530207	8530399	+
chr19	ADAMTS10	8650015	8650544	-
chr19	ZNF317	9267287	9268070	+
chr19	ZNF266	9529437	9529975	-
chr19	PIN1	9959765	9960365	+
chr20	SIRPB2	1460344	1460710	-
chr20	C20orf96	256608	257520	-
chr20	IDH3B	2641102	2641475	-
chr20	PCED1A	2819489	2819917	-
chr20	PTPRA	2967410	2968751	+
chr20	ID1	30193085	30194317	+
chr20	KIF3B	30897515	30898984	+
chr20	LZTS3	3146142	3147006	-
chr20	NECAB3	32247302	32247538	-
chr20	GSS	33530290	33530809	-
chr20	EDEM2	33734627	33735161	-
chr20	EIF6	33871978	33872295	-
chr20	EIF6	33872183	33872520	-
chr20	RBM39	34326889	34328809	-
chr20	DSN1	35399275	35399876	-
chr20	GFRA4	3641401	3641936	-
chr20	ADAM33	3653367	3654143	-
chr20	SNHG17	37049652	37050888	-
chr20	PLCG1	39802059	39802453	+
chr20	SMOX	4162735	4163495	+
chr20	TBC1D20	422231	422687	-
chr20	GTSF1L	42354800	42355642	-
chr20	SEMG1	43836014	43837371	+
chr20	SEMG2	43850349	43852066	+
chr20	UBE2C	44441254	44442103	+
chr20	SNX21	44469277	44471914	+
chr20	PCIF1	44575901	44576662	+
chr20	SLC12A5	44663586	44664174	+
chr20	SLC35C2	44987025	44987402	-
chr20	ZNF334	45141178	45142198	-
chr20	UBE2V1	48732021	48732496	-
chr20	RAE1	55931501	55931594	+
chr20	CTCFL	56089647	56090890	-
chr20	CTCFL	56100083	56100708	-
chr20	STX16	57226308	57227143	+
chr20	STX16	57226308	57227194	+
chr20	EDN3	57899385	57901047	+
chr20	HRH3	60791065	60791982	-
chr20	RPS21	60962898	60963576	+
chr20	RPS21	60963364	60963576	+
chr20	HAR1B	61726844	61727535	-
chr20	RTEL1-TNFRSF6B	62321102	62321563	+
chr20	RTEL1-TNFRSF6B	62327130	62328544	+
chr20	ARFRP1	62329994	62332054	-
chr2	RPL31	101622420	101622885	+
chr2	C2orf49	105959304	105959680	+
chr2	RGPD4	108479137	108479488	+
chr2	RGPD4	108487160	108489384	+
chr2	EDAR	109527231	109527528	-
chr2	SEPT10	110300373	110303814	-
chr2	LINC00116	110969791	110970452	-
chr2	LIMS3-LOC440895	111181237	111181719	+
chr2	BCL2L11	111881309	111881716	+
chr2	CKAP2L	113513553	113514791	-
chr2	PSD4	113942941	113943832	+
chr2	RABL2A	114399607	114400975	+
chr21	ANKRD30BP2	14415099	14417591	+
chr2	ERCC3	128046912	128047400	-
chr2	PROC	128180609	128180984	+
chr2	LIMS2	128411997	128412470	-
chr2	CCDC74B	130899705	130900886	-
chr2	SMPD4	130911849	130912832	-
chr2	SMPD4	130913607	130914248	-
chr2	ARHGEF4	131798802	131799517	+
chr2	ARHGEF4	131802941	131804836	+
chr2	LOC389043	132162785	132165105	+
chr21	SON	34921781	34927697	+
chr2	CCNT2	135710799	135716915	+
chr2	UBXN4	136511108	136511847	+
chr21	BRWD1	40557403	40569341	-
chr21	ZBTB21	43406939	43414217	-
chr21	UMODL1	43530989	43531820	+
chr21	ABCG1	43707998	43708422	+
chr21	CBS	44473300	44474093	-
chr21	AIRE	45712875	45713058	+
chr21	PFKL	45739233	45740030	+
chr21	PFKL	45739233	45741758	+
chr21	C21orf2	45750345	45751897	-
chr21	ADARB1	46641932	46646478	+
chr21	POFUT2	46683842	46687628	-
chr21	LSS	47648347	47648738	-
chr21	C21orf58	47721046	47722068	-
chr21	PRMT2	48080744	48081848	+
chr2	RND3	151343781	151344209	-
chr2	TANC1	160075748	160076378	+
chr2	RBMS1	161137824	161141379	-
chr2	METTL8	172173912	172180872	-
chr2	ATP5G3	176040985	176043978	-
chr2	HOXD12	176964529	176965488	+
chr2	ZNF385B	180306710	180308195	-
chr2	CERKL	182412548	182413331	-
chr2	ANKAR	190554252	190554690	+
chr2	GLS	191819309	191819544	+
chr2	SLC39A10	196544755	196545774	+
chr2	CCDC150	197593916	197594585	+
chr2	PGAP1	197711726	197712761	-
chr2	SF3B1	198283520	198285266	-
chr2	CLK1	201724402	201726189	-
chr2	CD28	204591355	204591712	+
chr2	EEF1B2	207024317	207024783	+
chr2	CCNYL1	208576263	208576840	+
chr2	FN1	216236631	216237098	-
chr2	FN1	216243852	216247048	-
chr2	FN1	216248742	216249699	-
chr22	POTEH	16287253	16287937	-
chr22	TPTEP1	17094966	17096000	+
chr2	RPL37A	217364671	217366188	+
chr22	CECR1	17670831	17672700	-
chr2	TNS1	218745620	218747134	-
chr22	GGT3P	18762195	18762764	-
chr22	SLC25A1	19165645	19166018	-
chr22	CLTCL1	19183776	19184167	-
chr2	SLC11A1	219251357	219251953	+
chr2	PLCD4	219492751	219494386	+
chr2	PLCD4	219498327	219498944	+
chr22	CDC45	19502271	19502571	+
chr22	CLDN5	19510546	19512860	-
chr2	PRKAG3	219692555	219692785	-
chr2	CRYBA2	219857737	219858127	-
chr2	CCDC108	219894124	219894930	-
chr2	ZFAND2B	220071505	220071764	+
chr22	DGCR8	20077191	20077781	+
chr2	ANKZF1	220098854	220100034	+
chr22	TRMT2A	20104405	20104818	-
chr2	DNAJB2	220149353	220151622	+
chr22	ZNF74	20748404	20748952	+
chr22	THAP7	21356120	21356404	-
chr22	P2RX6	21380708	21382302	+
chr22	PPIL2	22049682	22052202	+
chr22	TOP3B	22311402	22313065	-
chr22	PRAME	22899231	22900000	-
chr22	GGTLC2	22989452	22989760	+
chr2	PAX3	223064605	223066161	-
chr2	PAX3	223158348	223159020	-
chr22	DERL3	24176689	24179341	-
chr22	SLC2A11	24224945	24226211	+
chr22	HPS4	26861420	26862228	-
chr22	HPS4	26862191	26864589	-
chr2	SLC19A3	228549925	228552289	-
chr22	GAS2L1	29706816	29708774	+
chr22	GAS2L1	29707451	29708774	+
chr22	RASL10A	29708921	29709976	-
chr22	AP1B1	29723668	29726521	-
chr22	NF2	30079008	30079904	+
chr22	INPP5J	31520830	31521996	+
chr22	INPP5J	31529595	31530683	+
chr2	ECEL1	233349690	233349977	-
chr2	LOC100286922	234662961	234663991	-
chr2	SH3BP4	235949531	235951891	+
chr22	APOL3	36545093	36545419	-
chr22	APOL4	36585175	36587958	-
chr22	APOL4	36597745	36598101	-
chr22	NCF4	37271694	37272136	+
chr22	C1QTNF6	37576205	37578775	-
chr2	ILKAP	239102915	239103511	-
chr22	APOBEC3D	39421074	39421676	+
chr22	ATF4	39916568	39917676	+
chr2	ANKMY1	241463301	241463798	-
chr2	DUSP28	241500746	241503431	+
chr22	L3MBTL2	41623092	41623873	+
chr22	MEI1	42189832	42190481	+
chr22	SEPT3	42390624	42394225	+
chr22	CYP2D7P1	42537161	42537685	-
chr22	SERHL	42898356	42898774	+
chr22	CYB5R3	43042646	43042995	-
chr2	TP53I3	24307058	24308085	-
chr2	FAM228B	24387067	24387204	+
chr22	BRD1	50181037	50181535	-
chr22	PANX2	50617362	50618724	+
chr22	SELO	50655119	50655557	+
chr22	HDAC10	50686653	50686901	-
chr22	PLXNB2	50719788	50720171	-
chr22	TYMP	50967924	50968514	-
chr22	CPT1B	51007289	51007850	-
chr22	CHKB	51020177	51020786	-
chr22	ARSA	51065983	51066601	-
chr2	GAREML	26410099	26412532	+
chr2	GPR113	26531040	26532449	-
chr2	OTOF	26700516	26700910	-
chr2	ZNF512	27806292	27806583	+
chr2	SUPT7L	27883850	27885148	-
chr2	HNRPLL	38829579	38830178	-
chr2	DHX57	39081195	39082394	-
chr2	CDKL4	39405687	39406462	-
chr2	PLEKHH2	43937627	43939522	+
chr2	MSH2	47630205	47630541	+
chr2	CCDC88A	55522732	55523192	-
chr2	BCL11A	60687816	60689559	-
chr2	SNRNP27	70131385	70132368	+
chr2	BOLA3-AS1	74375107	74375605	+
chr2	MOGS	74692022	74692537	-
chr2	AUP1	74755877	74756409	-
chr2	AUP1	74756258	74756626	-
chr2	DOK1	74782701	74784678	+
chr2	TGOLN2	85553630	85554808	-
chr2	TGOLN2	85554101	85554808	-
chr2	ELMOD3	85617260	85618875	+
chr2	TMEM150A	85828143	85828605	-
chr2	USP39	85875883	85876407	+
chr2	MRPL35	86437602	86440477	+
chr2	RNF103	86849783	86851000	-
chr2	CD8A	87017899	87018837	-
chr2	KIDINS220	8943059	8943257	-
chr2	GPAT2	96693166	96693838	+
chr2	ARID5A	97215489	97216022	+
chr2	FER1L5	97360096	97361398	+
chr2	ANKRD23	97503650	97505381	-
chr2	SEMA4C	97525472	97527386	-
chr2	UNC50	99225041	99226502	+
chr2	MRPL30	99812035	99816020	+
chr3	NFKBIZ	101571934	101572707	+
chr3	CBLB	105399840	105400662	-
chr3	LINC00635	107560508	107561059	-
chr3	C3orf17	112731580	112732250	-
chr3	BOC	113005521	113006305	+
chr3	DRD3	113849964	113850247	-
chr3	NDUFB4	120319957	120321258	+
chr3	TSEN2	12544760	12545283	+
chr3	SLC41A3	125725199	125726068	-
chr3	TSEN2	12571260	12573158	+
chr3	ACAD9	128627027	128627942	+
chr3	RAB43	128840128	128840647	-
chr3	COPG1	128971465	128971798	+
chr3	IQSEC1	12938541	12943022	-
chr3	NUDT16	131102005	131107674	+
chr3	PCCB	136045644	136046097	+
chr3	GRIP2	14562198	14566045	-
chr3	HLTF	148747903	148750159	-
chr3	EIF2A	150285688	150285833	+
chr3	SLC33A1	155544300	155546166	-
chr3	VEPH1	157177409	157178144	-
chr3	IFT80	160101224	160102434	-
chr3	SKIL	170077486	170079217	+
chr3	FXR1	180680670	180680878	+
chr3	ABCC5	183701540	183705705	-
chr3	EIF2B5	183855407	183855863	+
chr3	DVL3	183882583	183882994	+
chr3	ECE2	184008827	184009227	+
chr3	THPO	184090300	184090769	-
chr3	KCNH8	19491597	19492896	+
chr3	OXSM	25832480	25833488	+
chr3	EOMES	27760077	27760384	-
chr3	DLEC1	38136369	38137437	+
chr3	ACVR2B	38519631	38520009	+
chr3	CCR8	39373808	39375171	+
chr3	CTNNB1	41280624	41281939	+
chr3	NKTR	42660511	42661200	+
chr3	NKTR	42661155	42663008	+
chr3	NKTR	42661507	42663008	+
chr3	NKTR	42668691	42672067	+
chr3	NKTR	42674092	42675227	+
chr3	ZNF662	42949513	42950401	+
chr3	SETMAR	4354581	4355445	+
chr3	PLXNB1	48454477	48455227	-
chr3	PLXNB1	48460985	48461666	-
chr3	TREX1	48506918	48509044	+
chr3	TREX1	48508028	48509044	+
chr3	SHISA5	48509196	48510972	-
chr3	IP6K2	48730883	48732851	-
chr3	DALRD3	49053405	49053773	-
chr3	GPX1	49394608	49395791	-
chr3	AMT	49454210	49455151	-
chr3	MST1	49723494	49723914	-
chr3	GMPPB	49758931	49759580	-
chr3	CAMKV	49898375	49898733	-
chr3	CAMKV	49898871	49899298	-
chr3	BHLHE40	5021646	5022093	+
chr3	SEMA3B	50306592	50306780	+
chr3	SEMA3B	50310965	50311259	+
chr3	HYAL1	50339487	50341032	-
chr3	NPRL2	50386115	50386441	-
chr3	RAD54L2	51672159	51673686	+
chr3	PCBP4	51993910	51994336	-
chr3	PCBP4	51994541	51994914	-
chr3	GLYCTK	52326275	52327208	+
chr3	DNAH1	52422433	52422953	+
chr3	NISCH	52514199	52515926	+
chr3	STAB1	52553279	52553580	+
chr3	STAB1	52553959	52554306	+
chr3	STAB1	52554657	52555021	+
chr3	STAB1	52555611	52555967	+
chr3	STAB1	52557442	52557772	+
chr3	PDHB	58416383	58416669	-
chr3	EOGT	69037656	69038168	-
chr3	LMOD3	69171243	69171746	-
chr3	CAV3	8787211	8788451	+
chr3	ARL13B	93772030	93774522	+
chr3	OGG1	9798450	9799089	+
chr3	TTLL3	9851643	9852393	+
chr3	TTLL3	9859328	9860604	+
chr3	TTLL3	9859328	9862425	+
chr3	TTLL3	9876364	9878040	+
chr3	FILIP1L	99567138	99569914	-
chr3	PRRT3	9987225	9989685	-
chr4	ADH1B	100239941	100242071	-
chr4	COL25A1	109731876	109735085	-
chr4	COL25A1	110222878	110223523	-
chr4	ALPK1	113346820	113347699	+
chr4	SNHG8	119199916	119200292	+
chr4	SYNPO2	119950999	119959669	+
chr4	IL21	123533782	123534083	-
chr4	LARP1B	129028293	129030056	+
chr4	LOC100505545	147034793	147035617	-
chr4	FBXW7	153456092	153456393	-
chr4	PDGFC	157731988	157732169	-
chr4	NPY1R	164247007	164247857	-
chr4	NEK1	170533170	170533778	-
chr4	NBLA00301	174457998	174463082	+
chr4	FBXO8	175183914	175184251	-
chr4	TRAPPC11	184629559	184629727	+
chr4	HELT	185940540	185940997	+
chr4	SH3BP2	2826339	2826923	+
chr4	MFSD10	2932287	2932877	-
chr4	RGS12	3415798	3416571	+
chr4	UCHL1	41259131	41259754	+
chr4	NSG1	4387583	4388900	+
chr4	AASDH	57219569	57221589	-
chr4	REST	57776795	57777702	+
chr4	MRFAP1	6641817	6642985	+
chr4	C4orf26	76489323	76491103	+
chr4	LOC100129917	773936	775636	-
chr4	CPLX1	786220	786396	-
chr4	PKD2	88986525	88987031	+
chr4	TMEM175	941903	942403	+
chr4	PDLIM5	95585128	95589378	+
chr5	MARCH6	10400895	10402251	+
chr5	ROPN1L	10441973	10442410	+
chr5	PDLIM4	131606995	131607601	+
chr5	TCF7	133451297	133451724	+
chr5	SKP1	133492081	133494286	-
chr5	TGFBI	135382023	135382704	+
chr5	MYOT	137206129	137206696	+
chr5	KIF20A	137517110	137517200	+
chr5	KDM3B	137721710	137722310	+
chr5	LOC100505636	139485880	139487597	-
chr5	APBB3	139941171	139941812	-
chr5	PCDHA5	140389211	140391929	+
chr5	RELL2	141016516	141017976	+
chr5	FCHSD1	141025653	141026289	-
chr5	ARAP3	141041250	141041822	-
chr5	KIAA0141	141318085	141321612	+
chr5	FGF1	142065521	142066060	-
chr5	FGF1	142077186	142077635	-
chr5	PPP2R2B	146257564	146258348	-
chr5	SPINK6	147582356	147582717	+
chr5	SH3TC2	148406422	148408281	-
chr5	HAVCR1	156484908	156485487	-
chr5	CCNG1	162866262	162866526	+
chr5	LOC728613	1632758	1633021	-
chr5	SNCB	176053398	176053762	-
chr5	FGFR4	176517745	176518105	+
chr5	FGFR4	176519646	176520332	+
chr5	NSD1	176562087	176563031	+
chr5	RAB24	176730172	176730744	-
chr5	DBN1	176894481	176894818	-
chr5	DDX41	176942186	176942822	-
chr5	DDX41	176943288	176943836	-
chr5	RMND5B	177569583	177569993	+
chr5	CLK4	178043882	178045779	-
chr5	CLK4	178044344	178045779	-
chr5	RUFY1	178986692	178987199	+
chr5	HNRNPH1	179047892	179048398	-
chr5	ZFP62	180274610	180278493	-
chr5	BTNL9	180480468	180481259	+
chr5	LOC100507602	180690628	180691567	+
chr5	PDCD6	271735	271936	+
chr5	IRX2	2746278	2747730	-
chr5	AMACR	33987090	33989607	-
chr5	NIPBL	37063891	37065921	+
chr5	ZNF131	43161350	43162033	+
chr5	PLK2	57755516	57755966	-
chr5	PDE4D	58334685	58335339	-
chr5	CCNB1	68473065	68474070	+
chr5	CCDC125	68616063	68616407	-
chr5	MARVELD2	68715197	68716358	+
chr5	SCAMP1	77745756	77745857	+
chr5	PAPD4	78908242	78908898	+
chr5	CHD1	98207754	98208259	-
chr6	LOC100507362	1017620	1020137	+
chr6	TFAP2A	10410133	10410568	-
chr6	HLA-G	1096102	1096874	+
chr6	CD164	109687716	109690220	-
chr6	HLA-G	1096152	1096924	+
chr6	HLA-G	1096408	1097180	+
chr6	HLA-G	1096444	1097216	+
chr6	HLA-H	1098115	1099251	+
chr6	SLC22A16	110777740	110778220	-
chr6	HLA-G	1133375	1134147	+
chr6	MOG	1145894	1146242	+
chr6	HLA-A	1150419	1151206	+
chr6	HLA-H	1150526	1151662	+
chr6	HLA-H	1150890	1152026	+
chr6	HLA-H	1150929	1152065	+
chr6	HLA-H	1151253	1152389	+
chr6	HLA-A	1152163	1152755	+
chr6	HLA-H	1187588	1188724	+
chr6	HLA-A	1203311	1204098	+
chr6	ZNRD1	1269272	1269683	+
chr6	RNF39	1278273	1279699	-
chr6	HLA-A	1292421	1293208	+
chr6	HLA-G	1311714	1312486	+
chr6	MED23	131907877	131908986	-
chr6	MED23	131913527	131914311	-
chr6	ZNRD1	1322036	1322448	+
chr6	ZNRD1	1322765	1323176	+
chr6	ZNRD1	1327632	1328043	+
chr6	RNF39	1331021	1332442	-
chr6	RNF39	1331766	1333192	-
chr6	RNF39	1336635	1338061	-
chr6	ZNRD1	1359478	1359889	+
chr6	TRIM10	1359958	1362498	-
chr6	TRIM31	1363639	1364532	-
chr6	TRIM31	1364398	1365291	-
chr6	RNF39	1368482	1369908	-
chr6	TRIM31	1369233	1370126	-
chr6	TRIM26	1397140	1397507	-
chr6	TRIM31	1401126	1402019	-
chr6	ZNRD1	1410936	1411347	+
chr6	TRIM10	1412671	1415211	-
chr6	TRIM10	1413448	1415988	-
chr6	RNF39	1419940	1421366	-
chr6	HLA-A	1422284	1423071	+
chr6	HLA-A	1424028	1424620	+
chr6	PLAGL1	144285923	144287367	-
chr6	TRIM26	1449866	1450233	-
chr6	TRIM26	1450630	1450997	-
chr6	TRIM10	1450169	1452712	-
chr6	TRIM31	1452556	1453449	-
chr6	EPM2A	145946439	145948829	-
chr6	SHPRH	146275825	146276490	-
chr6	ADGB	147045321	147047333	+
chr6	TRIM10	1468288	1470828	-
chr6	STXBP5-AS1	147165454	147165848	-
chr6	TRIM26	1487346	1487713	-
chr6	TRIM10	1501606	1504149	-
chr6	TRIM26	1505449	1505816	-
chr6	TRIM26	1538775	1539142	-
chr6	ZNRD1	1541141	1541552	+
chr6	SCAF8	155054511	155055064	+
chr6	RNF39	1550142	1551568	-
chr6	HCG18	1548085	1555653	-
chr6	HCG18	1548842	1556410	-
chr6	HCG18	1566816	1574384	-
chr6	TRIM31	1582795	1583688	-
chr6	SYTL3	159083781	159084410	+
chr6	HCG18	1585164	1592732	-
chr6	WTAP	160169222	160170453	+
chr6	HCG18	1603264	1610832	-
chr6	AGPAT4	161574377	161575342	-
chr6	TRIM10	1631860	1634400	-
chr6	QKI	163984451	163999628	+
chr6	TRIM26	1669056	1669423	-
chr6	PDCD2	170890834	170892276	-
chr6	TRIM27	174179	175843	-
chr6	TRIM27	174341	176005	-
chr6	HCG18	1767196	1774764	-
chr6	ATAT1	1903451	1905355	+
chr6	ATAT1	1904181	1906085	+
chr6	ATAT1	1942824	1944728	+
chr6	ATAT1	1958616	1960520	+
chr6	MDC1	1974510	1974891	-
chr6	MDC1	1975238	1975619	-
chr6	MDC1	1993222	1993603	-
chr6	ATAT1	1992402	1994306	+
chr6	MDC1	2013885	2014266	-
chr6	MDC1	2029673	2030054	-
chr6	MDC1	2063462	2063843	-
chr6	ATAT1	2122595	2124499	+
chr6	TRIM27	211701	213365	-
chr6	VARS2	2184120	2185333	+
chr6	VARS2	2185256	2186464	+
chr6	MDC1	2193648	2194029	-
chr6	VARS2	2239210	2240418	+
chr6	VARS2	2273088	2274301	+
chr6	VARS2	2403056	2404264	+
chr6	POU5F1	2429565	2430479	-
chr6	POU5F1	2430837	2431751	-
chr6	POU5F1	2468650	2469564	-
chr6	POU5F1	2482057	2482971	-
chr6	POU5F1	2515636	2516550	-
chr6	POU5F1	2648466	2649380	-
chr6	ZNF311	270660	271221	-
chr6	ZNF311	270664	271225	-
chr6	ZNF311	270674	271235	-
chr6	ZNF311	270704	271265	-
chr6	MICB	2758989	2759803	+
chr6	MICB	2767098	2767912	+
chr6	MICB	2788082	2788896	+
chr6	MICB	2804196	2805010	+
chr6	MICB	2816314	2817128	+
chr6	ZSCAN26	28239631	28240116	+
chr6	ZSCAN26	28239631	28240564	+
chr6	MICB	2853150	2853964	+
chr6	TRIM27	28870778	28872442	-
chr6	ZNF311	28967263	28967824	-
chr6	LY6G5B	2922453	2922865	+
chr6	LY6G5B	2930516	2930928	+
chr6	LOC100507362	29498828	29501345	+
chr6	MOG	29627095	29627443	+
chr6	LY6G6E	2965687	2966136	-
chr6	LY6G5B	2967678	2968090	+
chr6	LY6G6D	2968702	2968971	+
chr6	LY6G6E	2973756	2974205	-
chr6	LY6G6D	2976771	2977040	+
chr6	HLA-G	29795823	29796595	+
chr6	C6orf25	2978092	2980055	+
chr6	LY6G5B	2979763	2980175	+
chr6	MICB	2983064	2983878	+
chr6	HLA-H	29856243	29857381	+
chr6	C6orf25	2986152	2988115	+
chr6	HLA-A	29910533	29911320	+
chr6	HLA-A	29912276	29912868	+
chr6	ZNRD1	30029035	30029446	+
chr6	RNF39	30038042	30039468	-
chr6	TRIM31	30070673	30071566	-
chr6	LY6G6E	3010934	3011383	-
chr6	TRIM10	30119722	30122263	-
chr6	LY6G6D	3013949	3014218	+
chr6	TRIM26	30156943	30157310	-
chr6	MSH5-SAPCD1	3015778	3016527	+
chr6	LY6G5B	3016553	3016965	+
chr6	LY6G6E	3023010	3023459	-
chr6	C6orf25	3023339	3025302	+
chr6	HCG18	30255173	30262741	-
chr6	LY6G6D	3026025	3026294	+
chr6	C6orf25	3035411	3037375	+
chr6	MSH5-SAPCD1	3044947	3045696	+
chr6	LY6G6E	3059802	3060251	-
chr6	ATAT1	30610544	30612448	+
chr6	MSH5-SAPCD1	3061009	3061758	+
chr6	LY6G6D	3062817	3063086	+
chr6	MDC1	30681579	30681960	-
chr6	C6orf25	3072205	3074168	+
chr6	ZNF311	308249	308810	-
chr6	VARS2	30891129	30892337	+
chr6	MSH5-SAPCD1	3109893	3110642	+
chr6	POU5F1	31133703	31134615	-
chr6	LY6G5B	3146493	3146905	+
chr6	MICB	31473393	31474207	+
chr6	LY6G5B	31636873	31637285	+
chr6	LY6G6E	31680117	31680566	-
chr6	LY6G6D	31683132	31683401	+
chr6	C6orf25	31692522	31694485	+
chr6	MSH5-SAPCD1	31730196	31730945	+
chr6	LY6G6E	3189730	3190179	-
chr6	LY6G6D	3192745	3193014	+
chr6	STK19	31939645	31940288	+
chr6	C6orf25	3202139	3204102	+
chr6	PPT2-EGFL8	32133914	32134397	+
chr6	AGER	32150344	32150800	-
chr6	AGER	32151657	32152099	-
chr6	STK19	3225228	3225871	+
chr6	STK19	3233434	3234077	+
chr6	MSH5-SAPCD1	3239782	3240531	+
chr6	STK19	3272355	3272998	+
chr6	TAP2	32793186	32796811	-
chr6	SLC39A7	33168602	33169433	+
chr6	STK19	3319489	3320132	+
chr6	RGL2	33263284	33264102	-
chr6	DAXX	33286773	33286996	-
chr6	DAXX	33288512	33289751	-
chr6	PHF1	33381185	33381608	+
chr6	CUTA	33385257	33386065	-
chr6	PPT2-EGFL8	3394934	3395417	+
chr6	AGER	3411364	3411820	-
chr6	AGER	3412677	3413119	-
chr6	HMGA1	34204649	34205094	+
chr6	PPT2-EGFL8	3448655	3449138	+
chr6	STK19	3449401	3450044	+
chr6	AGER	3465085	3465541	-
chr6	AGER	3466398	3466840	-
chr6	PPT2-EGFL8	3476741	3477224	+
chr6	PPT2-EGFL8	3481642	3482125	+
chr6	AGER	3493168	3493624	-
chr6	AGER	3494481	3494923	-
chr6	AGER	3498072	3498528	-
chr6	AGER	3499385	3499827	-
chr6	PPT2-EGFL8	3513743	3514226	+
chr6	DEF6	35285949	35286248	+
chr6	AGER	3530171	3530627	-
chr6	AGER	3531484	3531926	-
chr6	RPL10A	35436723	35437306	+
chr6	PPT2-EGFL8	3604595	3605078	+
chr6	AGER	3621025	3621481	-
chr6	AGER	3622338	3622780	-
chr6	FGD2	36981384	36981876	+
chr6	TRIM27	393802	395466	-
chr6	TAP2	4025292	4028917	-
chr6	TAP2	4130074	4133699	-
chr6	TRERF1	42235891	42237586	-
chr6	TAP2	4237715	4241340	-
chr6	TAP2	4250381	4254006	-
chr6	CUL9	43163806	43164600	+
chr6	DNPH1	43193366	43193881	-
chr6	ABCC10	43405671	43406533	+
chr6	ABCC10	43410707	43411748	+
chr6	TJAP1	43470325	43471246	+
chr6	MRPS18A	43642938	43643354	-
chr6	SLC39A7	4400825	4401656	+
chr6	SLC29A1	44197643	44198218	+
chr6	SLC39A7	4449909	4450740	+
chr6	RGL2	4495524	4496342	-
chr6	DAXX	4519022	4519245	-
chr6	DAXX	4520761	4522000	-
chr6	RGL2	4544610	4545428	-
chr6	DAXX	4568098	4568321	-
chr6	DAXX	4569837	4571076	-
chr6	SLC39A7	4612436	4613267	+
chr6	SLC39A7	4625918	4626749	+
chr6	SLC39A7	4642363	4643194	+
chr6	MEP1A	46761127	46761453	+
chr6	RGL2	4707098	4707916	-
chr6	DAXX	4730589	4730812	-
chr6	DAXX	4732328	4733567	-
chr6	RGL2	4737028	4737846	-
chr6	DAXX	4760515	4760738	-
chr6	DAXX	4762254	4763493	-
chr6	PHF1	4861433	4861856	+
chr6	ZNF311	486062	486623	-
chr6	CUTA	4865503	4866311	-
chr6	LOC730101	52531186	52533951	+
chr6	LGSN	63985855	63991125	-
chr6	EYS	66204555	66205500	-
chr6	FAM135A	71234633	71236401	+
chr6	RREB1	7181356	7182315	+
chr6	HMGN3	79910961	79912106	-
chr6	LOC100507362	801802	804319	+
chr6	LOC100507362	802018	804535	+
chr6	LOC100507362	802118	804635	+
chr6	LOC100507362	802163	804680	+
chr6	LOC100507362	802312	804829	+
chr6	BCKDHB	81053380	81055987	+
chr6	IBTK	82900789	82901596	-
chr6	LOC100507362	839365	841882	+
chr6	CNR1	88849584	88855056	-
chr6	MOG	930054	930402	+
chr6	MOG	930283	930631	+
chr6	MOG	930413	930761	+
chr6	MOG	930447	930795	+
chr6	MOG	930619	930967	+
chr6	TSG1	94428020	94430011	+
chr6	MOG	967646	967994	+
chr7	ZAN	100371343	100371487	+
chr7	SLC12A9	100457771	100458884	+
chr7	SERPINE1	100771673	100771945	+
chr7	NAPEPLD	102740022	102744001	-
chr7	CYP2W1	1027912	1029276	+
chr7	DNAJC2	102962957	102963241	-
chr7	FEZF1	121943690	121944565	-
chr7	ARF5	127229538	127230191	+
chr7	PRRT4	127990378	127992732	-
chr7	CCDC136	128446290	128446912	+
chr7	SMO	128851476	128853385	+
chr7	EPHB6	142561723	142562504	+
chr7	GSTK1	142962084	142962389	+
chr7	CUL1	148451067	148451242	+
chr7	ZNF767	149244244	149246465	-
chr7	KRBA1	149426278	149426460	+
chr7	SSPO	149481915	149482104	+
chr7	SSPO	149522053	149522213	+
chr7	ATG9B	150713775	150713908	-
chr7	ATG9B	150720960	150721586	-
chr7	ABCB8	150731359	150731686	+
chr7	SMARCD3	150937510	150938739	-
chr7	KMT2C	151832009	151835989	-
chr7	TMEM184A	1588154	1589581	-
chr7	KLHL7	23207454	23207656	+
chr7	BRAT1	2579419	2580686	-
chr7	HOXA1	27134879	27135625	-
chr7	GHRHR	31009147	31009579	+
chr7	SDK1	4304755	4308631	+
chr7	ZMIZ2	44801047	44801504	+
chr7	MYO1G	45005671	45006437	-
chr7	MYO1G	45011713	45014826	-
chr7	IGFBP3	45960336	45960871	-
chr7	TNS3	47314751	47317818	-
chr7	SUN3	48068413	48068716	-
chr7	AP5Z1	4829462	4830222	+
chr7	FIGNL1	50511831	50514995	-
chr7	ACTB	5567911	5569031	-
chr7	RSPH10B	5967826	5968025	-
chr7	RSPH10B	6006493	6007068	-
chr7	USP42	6178722	6179826	+
chr7	KCTD7	66103842	66108216	+
chr7	ZDHHC4	6617064	6617351	+
chr7	C7orf26	6639459	6639987	+
chr7	ZNF12	6728063	6732334	-
chr7	RSPH10B2	6796987	6797562	+
chr7	TYW1B	72193789	72193899	-
chr7	TYW1B	72209459	72209578	-
chr7	NSUN5P2	72419430	72419641	-
chr7	NSUN5P2	72424049	72425018	-
chr7	NSUN5	72716513	72717737	-
chr7	ELN	73474215	73474377	+
chr7	NCF1	74197281	74197975	+
chr7	NCF1C	74578130	74578824	-
chr7	TMEM120A	75617400	75617659	-
chr7	TMEM120A	75621756	75621875	-
chr7	SRRM3	75914932	75916605	+
chr7	UPK3B	76139744	76140369	+
chr7	GSAP	76958649	76959684	-
chr7	ABCB1	87230070	87230394	-
chr7	STEAP2	89861650	89866992	+
chr7	KRIT1	91864716	91865856	-
chr7	GATAD1	92085685	92089381	+
chr7	SAMD9L	92774697	92775353	-
chr7	PEG10	94292645	94299006	+
chr7	ZSCAN25	99217183	99219197	+
chr7	CYP3A5	99273737	99274199	-
chr7	ZKSCAN1	99621041	99621555	+
chr7	ZNF3	99672757	99673253	-
chr7	MCM7	99696645	99697026	-
chr7	STAG3	99786075	99786639	+
chr7	PILRB	99950186	99950537	+
chr8	PABPC1	101733618	101734315	-
chr8	FZD6	104312183	104312512	+
chr8	NEIL2	11627171	11627844	+
chr8	ST3GAL1	134487961	134488843	-
chr8	MROH5	142458006	142458188	-
chr8	JRK	143738873	143746092	-
chr8	JRK	143745894	143747939	-
chr8	LY6H	144240219	144241126	-
chr8	SCRIB	144874654	144875037	-
chr8	NRBP2	144917989	144918200	-
chr8	NRBP2	144921680	144921997	-
chr8	NRBP2	144921680	144922202	-
chr8	OPLAH	145109463	145109816	-
chr8	GPAA1	145138291	145138764	+
chr8	KIAA1875	145168879	145169378	+
chr8	MROH1	145316016	145316252	+
chr8	HEATR7A	145485069	145485305	+
chr8	FBXL6	145580649	145581162	-
chr8	CPSF1	145625381	145625670	-
chr8	VPS28	145648999	145649515	-
chr8	KIFC2	145697959	145699499	+
chr8	GPT	145730153	145730514	+
chr8	C8orf82	145751602	145753456	-
chr8	ZNF34	146003422	146003910	-
chr8	ZNF517	146028254	146029623	+
chr8	NPM2	21882234	21882817	+
chr8	FAM160B2	21959218	21959826	+
chr8	FAM160B2	21960303	21961891	+
chr8	NUDT18	21966649	21967456	-
chr8	TNFRSF10B	22885843	22886115	-
chr8	R3HCC1	23147378	23147982	+
chr8	GNRH1	25280705	25282556	-
chr8	CDCA2	25317755	25318070	+
chr8	UBXN8	30620789	30620863	+
chr8	TTI2	33369484	33370703	-
chr8	ERLIN2	37602088	37604071	+
chr8	PLEKHA2	38826938	38831430	+
chr8	IKBKB	42176787	42178362	+
chr8	TDRP	439789	442744	-
chr8	LINC00293	47760405	47761152	+
chr8	MCM4	48872762	48873774	+
chr8	MCM4	48874612	48874776	+
chr8	EFCAB1	49635952	49637360	-
chr8	YTHDF3	64098705	64100303	+
chr8	XKR5	6673327	6673440	-
chr8	EYA1	72233968	72234503	-
chr8	ZBTB10	81430637	81430814	+
chr8	TMEM67	94767071	94767365	+
chr9	CCDC180	100124477	100124723	+
chr9	TRIM14	100846636	100850287	-
chr9	NAMA	102136287	102136689	-
chr9	INVS	103054607	103055325	+
chr9	TEX10	103108975	103109688	-
chr9	DMRT2	1051569	1052138	+
chr9	DMRT2	1055721	1057554	+
chr9	FKTN	108397331	108403399	+
chr9	KLF4	110249308	110250548	-
chr9	MUSK	113509920	113510080	+
chr9	HSDL2	115200710	115200905	+
chr9	ASTN2	119187503	119188367	-
chr9	CNTRL	123930373	123930599	+
chr9	MRRF	125047447	125048225	+
chr9	RC3H2	125627627	125627936	-
chr9	LRSAM1	130213764	130214363	+
chr9	TTC16	130486398	130487176	+
chr9	TOR2A	130493802	130495839	-
chr9	ENG	130577290	130578332	-
chr9	PTGES2	130887522	130887720	-
chr9	CIZ1	130940987	130941694	-
chr9	DNM1	131010202	131011032	+
chr9	URM1	131150094	131154295	+
chr9	URM1	131151539	131154295	+
chr9	USP20	132642391	132644117	+
chr9	POMT1	134385289	134385802	+
chr9	TSC1	135786388	135786955	-
chr9	RALGDS	135975038	135977526	-
chr9	GBGT1	136031287	136031452	-
chr9	ABO	136132795	136132929	-
chr9	MED22	136207754	136211188	-
chr9	SLC2A6	136340521	136341458	-
chr9	SOHLH1	138585254	138586303	-
chr9	KCNT1	138649001	138649227	+
chr9	LHX3	139091523	139092599	-
chr9	SNHG7	139619045	139619562	-
chr9	MAMDC4	139747736	139748122	+
chr9	FBXW5	139836497	139837147	-
chr9	FBXW5	139836998	139837395	-
chr9	LCN12	139848605	139849949	+
chr9	ABCA2	139917392	139918292	-
chr9	TPRN	140086068	140086817	-
chr9	WDR85	140459344	140459606	-
chr9	PLIN2	19126111	19126446	-
chr9	DENND4C	19336267	19336830	+
chr9	DENND4C	19369834	19374137	+
chr9	C9orf24	34381366	34381598	-
chr9	VCP	35061999	35062347	-
chr9	PIGO	35091236	35092764	-
chr9	FAM214B	35107377	35108346	-
chr9	ATP8B5P	35438725	35440450	+
chr9	CD72	35615939	35616686	-
chr9	SIT1	35650353	35650634	-
chr9	CCDC107	35660742	35661500	+
chr9	CREB3	35732992	35733279	+
chr9	GBA2	35736863	35737936	-
chr9	DOCK8	368017	370300	+
chr9	CD274	5462833	5463121	+
chr9	RANBP6	6011018	6015640	-
chr9	TPD52L3	6328348	6330918	+
chr9	LOC440896	69175959	69178388	-
chr9	TRPM3	73149965	73152321	-
chr9	CDK20	90585482	90585812	-
chr9	BICD2	95473644	95477745	-
chr9	LOC158435	98863398	98864194	+
chr9	CTSL2	99799774	99800335	-
chrUn_gl000218	LOC100233156	38785	40028	-
chrX	TRMT2B	100306239	100306722	-
chrX	ARMCX6	100870107	100871756	-
chrX	ARMCX2	100914061	100914487	-
chrX	NXF2	101571919	101572486	+
chrX	NXF2	101624506	101625073	+
chrX	ZCCHC18	103358124	103360533	+
chrX	MID1	10442662	10443201	-
chrX	TEX13A	104463610	104464442	-
chrX	SASH3	128926303	128926812	+
chrX	SLC25A14	129498601	129499650	+
chrX	FAM9C	13053735	13056622	-
chrX	PHF6	133559230	133562822	+
chrX	FAM127B	134184962	134186221	-
chrX	CXorf48	134290460	134291428	-
chrX	FHL1	135289174	135289349	+
chrX	RBMX	135954426	135957327	-
chrX	GLRA2	14547419	14548247	+
chrX	MAGEA11	148794802	148796236	+
chrX	CSAG1	151908777	151909518	+
chrX	PNMA5	152160445	152160761	-
chrX	PNCK	152937334	152937655	-
chrX	PNCK	152938020	152938533	-
chrX	PLXNB3	153037318	153037742	+
chrX	SRPK3	153049428	153049668	+
chrX	IDH3G	153051220	153051727	-
chrX	AVPR2	153170985	153172620	+
chrX	TAZ	153648370	153648603	+
chrX	SLC10A3	153715649	153717421	-
chrX	SLC10A3	153718645	153719002	-
chrX	FAM3A	153744083	153744566	-
chrX	CTAG2	153880245	153880905	-
chrX	PLCXD1	165763	170022	+
chrX	RAI2	17818168	17820154	-
chrX	SCML2	18257432	18259499	-
chrX	PLCXD1	215763	220022	+
chrX	PCYT1B	24576203	24580622	-
chrX	NYX	41306712	41307179	+
chrX	EFHC2	44107517	44108162	-
chrX	RBM10	47030426	47030657	+
chrX	USP11	47098749	47099306	+
chrX	ARAF	47424650	47426179	+
chrX	CFP	47487500	47489073	-
chrX	ELK1	47498293	47500874	-
chrX	UXT	47518228	47518579	-
chrX	PORCN	48370279	48370895	+
chrX	TBC1D25	48417284	48417734	+
chrX	SUV39H1	48558481	48559144	+
chrX	HDAC6	48664037	48664871	+
chrX	HDAC6	48673081	48673300	+
chrX	HDAC6	48673368	48673897	+
chrX	PQBP1	48755538	48755859	+
chrX	PQBP1	48758466	48758882	+
chrX	PQBP1	48759509	48759794	+
chrX	OTUD5	48779302	48780572	-
chrX	CCDC120	48924711	48927510	+
chrX	MAGIX	49021044	49021428	+
chrX	FOXP3	49113207	49113469	-
chrX	PPP1R3F	49126305	49127336	+
chrX	GAGE8	49189207	49189299	+
chrX	AKAP4	49956954	49959087	-
chrX	SHROOM4	50334642	50339964	-
chrX	MAGED4	51809960	51810794	-
chrX	MAGED4	51929492	51930326	-
chrX	PHF8	53963112	53965679	-
chrX	MAGED2	54836154	54836646	+
chrX	MAGED2	54837253	54837562	+
chrX	TRO	54953015	54953538	+
chrX	TRO	54955035	54957464	+
chrX	KLF8	56291612	56295922	+
chrX	VSIG4	65241579	65242704	-
chrX	PJA1	68380580	68383309	-
chrX	GDPD2	69646497	69646861	+
chrX	GDPD2	69649342	69649913	+
chrX	FOXO4	70315998	70316831	+
chrX	MED12	70357575	70357793	+
chrX	HDAC8	71787431	71787880	-
chrX	ATRX	76937011	76940085	-
chrX	ZNF711	84501935	84502657	+
chrY	UTY	15447442	15448215	-
